Year,Geography,American Indian/Alaska Native,Asian,Black/African American,Hispanic/Latino,Multiracial,Native Hawaiian/Other Pacific Islander,Unknown,White,Female,Male,Non-U.S.â€“born,U.S.-born,0-4,14-May,15-24,25-34,35-44,45-54,55-64,65+,Sum
2000,Alabama,1,7,177,12,0,0,0,113,91,219,22,288,8,8,16,29,62,51,38,98,310
2000,Alaska,71,15,9,2,0,2,0,9,41,67,15,93,18,11,13,8,26,8,12,12,108
2000,Arizona,29,28,21,140,0,1,0,42,83,178,148,112,12,6,33,43,48,43,22,54,261
2000,Arkansas,1,10,71,20,0,6,4,87,70,129,31,165,9,16,20,17,24,24,20,69,199
2000,California,15,"1,333",318,"1,201",0,20,17,384,"1,316","1,972","2,369",904,115,89,327,537,520,505,433,762,3288
2000,Colorado,5,17,12,38,0,0,0,25,38,59,59,38,5,0,13,12,19,13,11,24,97
2000,Connecticut,0,17,31,18,0,0,0,39,47,58,61,44,3,3,10,21,21,15,7,25,105
2000,Delaware,0,8,9,7,0,1,0,3,10,18,19,9,2,1,7,6,2,2,4,4,28
2000,District of Columbia,1,3,61,12,0,0,1,7,30,55,25,60,3,1,6,16,15,22,9,13,85
2000,Florida,2,61,591,218,0,0,0,292,361,803,450,712,33,21,92,166,276,241,143,192,1164
2000,Georgia,0,62,424,78,0,1,6,124,226,469,153,538,45,18,83,95,126,155,73,100,695
2000,Hawaii,0,124,0,0,0,10,1,1,55,81,112,23,2,0,9,18,17,26,23,41,136
2000,Idaho,0,3,0,5,0,0,2,6,5,11,5,10,1,0,3,3,1,1,2,5,16
2000,Illinois,6,134,298,145,0,0,9,146,305,433,276,461,18,18,73,121,138,124,79,167,738
2000,Indiana,0,11,41,21,1,0,0,71,51,94,34,111,10,4,9,18,22,17,22,43,145
2000,Iowa,0,9,5,9,0,0,0,17,8,32,26,14,2,1,4,12,8,2,5,6,40
2000,Kansas,0,22,16,15,0,0,2,22,32,45,39,37,3,2,9,14,14,12,8,15,77
2000,Kentucky,1,5,21,7,0,0,0,113,46,101,15,132,3,0,8,13,19,21,23,60,147
2000,Louisiana,0,31,177,11,0,0,2,110,99,232,33,296,14,12,22,33,70,52,59,69,331
2000,Maine,0,2,3,2,0,0,0,17,11,13,8,16,0,1,3,3,1,9,2,5,24
2000,Maryland,0,61,132,33,0,1,0,56,127,156,141,142,5,4,41,49,49,44,25,66,283
2000,Massachusetts,1,81,71,41,0,0,2,89,111,174,204,81,5,6,32,66,44,41,30,61,285
2000,Michigan,1,35,146,18,0,0,0,87,124,163,91,196,14,4,32,48,44,52,35,58,287
2000,Minnesota,3,34,91,30,0,0,1,19,84,94,146,32,5,5,50,50,15,24,12,17,178
2000,Mississippi,1,10,96,5,0,0,1,60,59,114,15,158,3,6,3,25,30,35,21,50,173
2000,Missouri,0,24,77,11,0,0,1,97,84,126,50,160,4,7,12,30,36,36,25,60,210
2000,Montana,16,0,0,0,0,0,1,4,6,15,0,21,0,0,0,5,4,4,5,3,21
2000,Nebraska,2,5,9,5,0,0,0,3,7,17,15,9,2,1,3,7,3,2,2,4,24
2000,Nevada,3,25,14,26,0,0,0,28,30,66,54,41,1,7,6,20,17,12,18,15,96
2000,New Hampshire,0,9,6,1,0,0,0,6,11,11,17,5,0,2,4,9,1,2,4,0,22
2000,New Jersey,0,161,165,126,0,0,10,103,249,316,351,213,12,12,68,107,104,90,58,114,565
2000,New Mexico,12,2,1,26,0,0,0,5,16,30,19,27,0,1,2,3,2,9,7,22,46
2000,New York,1,413,587,460,0,1,11,245,668,"1,050","1,006",705,38,54,174,328,362,269,185,308,1718
2000,North Carolina,1,21,235,67,3,0,0,120,145,302,113,334,15,3,46,70,90,68,42,113,447
2000,North Dakota,1,0,1,0,0,0,0,3,3,2,1,4,0,1,0,0,0,1,0,3,5
2000,Ohio,0,26,160,20,0,0,1,131,133,205,100,238,8,6,44,42,57,52,38,91,338
2000,Oklahoma,26,16,25,11,0,0,0,75,59,94,25,127,9,2,10,24,29,26,14,39,153
2000,Oregon,3,25,15,30,0,0,0,46,49,70,68,51,8,3,12,31,21,12,13,19,119
2000,Pennsylvania,0,84,142,31,0,0,8,118,173,210,142,241,14,12,34,58,65,60,36,104,383
2000,Rhode Island,1,11,11,10,0,0,0,16,18,31,27,22,3,2,4,9,8,6,6,11,49
2000,South Carolina,0,16,199,15,0,0,0,56,80,206,31,255,5,5,23,44,54,46,39,70,286
2000,South Dakota,9,0,3,0,0,0,0,4,7,9,3,13,1,0,1,2,0,3,3,6,16
2000,Tennessee,1,10,147,33,0,0,5,186,116,266,60,322,11,5,32,54,62,56,49,113,382
2000,Texas,3,147,352,732,0,1,1,260,527,969,617,879,63,46,148,240,287,277,182,253,1496
2000,Utah,0,6,5,15,0,2,0,21,14,35,25,24,1,0,7,11,4,11,7,8,49
2000,Vermont,0,0,0,0,0,0,0,4,0,4,1,3,0,0,0,1,0,2,0,1,4
2000,Virginia,0,87,98,47,0,0,4,56,121,171,186,105,6,7,31,64,44,52,41,47,292
2000,Washington,10,102,43,33,0,5,1,64,115,143,176,82,4,5,26,52,44,39,34,54,258
2000,West Virginia,0,2,6,1,0,0,0,24,11,22,1,32,0,0,3,1,3,7,6,13,33
2000,Wisconsin,4,26,26,14,0,0,0,22,33,59,48,44,1,2,10,14,18,9,10,28,92
2000,Wyoming,1,0,0,1,0,0,0,2,0,4,1,3,0,0,0,1,0,2,1,0,4
2001,Alabama,0,10,127,21,0,0,0,106,81,183,32,232,9,2,13,28,41,52,30,89,264
2001,Alaska,34,13,0,2,0,0,0,5,21,33,13,41,1,4,3,7,10,9,9,11,54
2001,Arizona,44,23,14,135,0,0,0,73,97,192,134,153,14,9,40,44,46,48,31,57,289
2001,Arkansas,1,7,62,14,0,8,3,67,48,114,28,134,5,5,14,11,28,26,21,52,162
2001,California,15,"1,365",291,"1,254",0,20,16,368,"1,300","2,029","2,473",837,132,92,319,561,543,524,431,727,3329
2001,Colorado,2,21,19,69,0,0,0,27,61,77,85,53,11,5,20,26,18,16,16,26,138
2001,Connecticut,0,21,32,26,0,0,3,39,44,77,67,52,2,2,12,28,19,14,14,30,121
2001,Delaware,0,6,10,8,0,0,0,9,15,18,20,13,1,0,2,7,5,6,4,8,33
2001,District of Columbia,0,5,54,10,0,0,0,5,26,48,27,47,4,2,10,7,10,18,11,12,74
2001,Florida,3,80,530,235,1,0,0,289,363,775,467,669,32,22,94,162,285,243,138,162,1138
2001,Georgia,1,58,340,65,1,1,0,111,214,363,157,420,25,3,46,107,128,129,52,87,577
2001,Hawaii,0,125,0,2,0,17,0,6,51,99,121,24,1,1,16,13,17,26,30,46,150
2001,Idaho,0,1,0,3,0,0,1,4,2,7,3,6,0,1,1,1,1,2,1,2,9
2001,Illinois,5,142,277,149,0,0,1,129,297,406,280,423,30,15,67,126,131,125,91,118,703
2001,Indiana,0,14,30,17,0,0,0,54,40,75,40,75,2,1,9,20,20,16,17,30,115
2001,Iowa,2,13,7,3,0,0,0,18,20,23,23,20,0,1,3,4,6,10,3,16,43
2001,Kansas,1,24,7,22,0,0,8,19,34,47,48,31,3,3,18,11,10,10,8,18,81
2001,Kentucky,0,7,25,10,0,1,0,109,41,111,28,124,4,2,10,18,25,24,18,50,152
2001,Louisiana,2,17,162,8,0,0,1,104,91,203,22,271,6,8,15,34,57,67,43,64,294
2001,Maine,1,6,5,0,0,0,0,8,6,14,11,9,0,1,1,4,5,4,3,2,20
2001,Maryland,0,58,139,31,0,0,0,34,117,145,153,109,10,9,34,67,43,28,24,47,262
2001,Massachusetts,1,83,70,44,0,0,0,72,135,135,207,63,4,7,30,78,44,31,30,46,270
2001,Michigan,0,51,154,11,0,1,1,111,145,184,118,211,14,6,35,46,63,48,40,77,329
2001,Minnesota,6,63,132,17,0,0,0,21,105,134,192,46,10,17,55,61,29,25,17,25,239
2001,Mississippi,2,5,102,5,0,0,0,40,55,99,12,142,5,2,6,14,29,36,16,46,154
2001,Missouri,0,18,64,8,0,0,1,65,58,98,47,109,2,5,14,22,26,22,17,48,156
2001,Montana,6,2,2,0,0,0,0,10,5,15,3,16,1,0,3,2,3,4,3,4,20
2001,Nebraska,5,5,7,10,0,1,0,12,14,26,24,16,2,0,4,10,7,8,3,6,40
2001,Nevada,1,34,14,17,0,0,1,29,34,62,56,39,2,2,10,13,17,17,21,14,96
2001,New Hampshire,0,7,2,4,0,0,0,7,9,11,15,5,1,0,5,4,2,4,1,3,20
2001,New Jersey,0,147,149,150,0,2,8,74,226,304,333,196,11,14,64,129,96,68,44,104,530
2001,New Mexico,22,4,0,18,0,0,1,9,29,25,12,42,0,0,2,4,6,10,8,24,54
2001,New York,0,420,511,494,0,0,10,210,655,990,"1,054",574,38,36,201,331,336,234,199,270,1645
2001,North Carolina,2,28,196,77,1,0,0,93,140,257,125,271,7,4,37,64,69,66,46,104,397
2001,North Dakota,3,0,1,0,0,0,0,2,3,3,1,4,0,0,1,0,0,1,2,2,6
2001,Ohio,1,32,141,14,0,0,1,117,113,193,84,222,7,9,35,39,38,49,38,91,306
2001,Oklahoma,39,15,41,21,0,2,0,75,80,113,31,162,14,7,25,27,25,28,16,51,193
2001,Oregon,1,30,11,33,0,1,0,47,38,85,68,55,2,2,11,25,24,21,11,27,123
2001,Pennsylvania,0,79,125,24,0,0,3,118,142,207,149,199,8,6,21,55,61,50,38,110,349
2001,Rhode Island,0,13,12,16,0,0,0,19,29,31,38,21,6,2,10,8,9,8,8,9,60
2001,South Carolina,0,15,173,21,0,0,0,54,83,180,32,231,13,12,16,28,53,54,22,65,263
2001,South Dakota,4,1,3,2,0,0,0,3,8,5,5,8,0,1,2,4,1,1,0,4,13
2001,Tennessee,0,12,139,21,0,0,2,139,109,204,44,269,7,5,22,48,56,47,34,94,313
2001,Texas,5,162,419,774,0,1,5,265,565,"1,066",706,925,75,44,151,291,300,319,174,277,1631
2001,Utah,2,5,4,13,0,1,0,10,11,24,22,13,1,2,5,6,4,7,4,6,35
2001,Vermont,0,3,2,0,0,0,0,2,4,3,6,1,0,1,1,1,1,0,1,2,7
2001,Virginia,1,65,99,84,0,0,10,47,127,179,186,116,6,7,38,78,49,44,30,54,306
2001,Washington,10,101,46,34,0,2,4,64,97,164,187,73,11,6,37,53,39,43,27,45,261
2001,West Virginia,0,0,5,0,0,0,0,27,10,22,0,32,0,0,0,4,8,3,5,12,32
2001,Wisconsin,3,24,27,13,0,0,0,19,34,52,44,42,4,1,9,16,19,9,10,18,86
2001,Wyoming,1,1,0,0,0,0,0,1,1,2,1,2,0,0,0,1,0,1,0,1,3
2002,Alabama,1,11,118,16,0,0,0,87,85,148,31,202,9,9,17,27,38,36,26,71,233
2002,Alaska,22,17,1,2,0,0,2,5,21,28,19,30,5,0,7,3,6,12,5,11,49
2002,Arizona,35,20,15,145,0,0,0,48,93,170,138,125,9,12,26,45,41,40,31,59,263
2002,Arkansas,0,3,54,18,0,0,0,61,47,89,20,116,7,3,9,13,22,21,13,48,136
2002,California,6,"1,271",276,"1,276",0,13,18,312,"1,283","1,889","2,391",762,127,97,311,515,541,496,376,709,3172
2002,Colorado,1,29,10,41,0,1,0,21,44,59,72,31,5,3,12,20,12,17,11,23,103
2002,Connecticut,0,16,27,30,0,0,3,29,50,55,65,40,2,1,15,26,18,10,6,27,105
2002,Delaware,0,4,9,4,0,0,0,8,9,16,12,13,0,0,3,3,7,3,0,9,25
2002,District of Columbia,0,1,60,15,0,0,1,5,23,59,28,54,2,0,9,13,18,19,12,9,82
2002,Florida,4,69,480,243,0,0,2,286,382,702,470,614,31,33,90,164,245,225,124,172,1084
2002,Georgia,0,44,322,75,4,0,0,90,190,345,169,365,22,9,50,104,127,98,50,74,535
2002,Hawaii,0,117,1,2,0,20,2,6,56,92,121,26,3,3,13,15,25,21,23,45,148
2002,Idaho,0,2,1,4,0,0,2,5,8,6,10,3,0,1,3,2,2,1,2,3,14
2002,Illinois,3,148,245,151,0,0,2,130,291,388,283,395,25,19,76,107,119,122,76,135,679
2002,Indiana,0,17,36,22,0,1,0,52,49,79,47,81,5,0,16,18,18,19,12,40,128
2002,Iowa,1,8,3,4,0,0,0,18,13,21,20,14,0,1,4,5,4,6,3,11,34
2002,Kansas,0,20,18,27,0,0,0,21,34,52,46,39,5,3,9,23,15,11,7,13,86
2002,Kentucky,0,14,16,16,0,0,0,100,54,92,42,104,4,3,14,20,26,15,19,45,146
2002,Louisiana,1,17,137,8,0,0,1,66,91,139,24,202,10,4,12,31,43,53,26,51,230
2002,Maine,0,6,2,1,0,0,0,14,13,10,11,12,0,0,0,7,4,2,0,10,23
2002,Maryland,0,70,158,36,1,0,0,41,141,165,164,142,11,11,32,56,52,47,28,69,306
2002,Massachusetts,0,82,77,52,0,0,1,59,116,155,205,66,11,4,29,72,45,44,25,41,271
2002,Michigan,0,54,136,23,0,0,0,102,136,179,120,195,13,13,32,61,49,56,25,66,315
2002,Minnesota,3,60,120,23,0,0,0,31,107,130,181,56,15,14,55,59,28,21,18,27,237
2002,Mississippi,1,5,72,8,0,0,2,46,45,89,10,120,7,4,5,13,14,24,13,54,134
2002,Missouri,1,14,62,10,0,1,0,48,46,90,38,98,3,3,12,19,21,22,15,41,136
2002,Montana,8,0,0,0,0,0,0,4,2,10,0,12,0,0,0,1,0,3,2,6,12
2002,Nebraska,2,3,8,8,0,0,0,7,9,19,16,12,3,0,7,4,2,4,3,5,28
2002,Nevada,2,28,9,21,0,0,1,24,43,42,52,33,1,1,5,13,20,15,15,15,85
2002,New Hampshire,0,11,2,0,0,0,0,6,7,12,15,4,0,1,2,6,4,0,3,3,19
2002,New Jersey,0,125,164,152,0,0,2,87,212,318,324,204,22,10,57,100,113,81,55,92,530
2002,New Mexico,20,4,3,27,0,0,0,3,27,30,22,35,0,5,3,6,7,8,7,21,57
2002,New York,1,375,434,419,0,0,6,183,558,860,917,484,37,19,171,288,292,235,148,228,1418
2002,North Carolina,4,38,226,76,2,0,0,88,163,271,133,301,16,16,35,73,78,61,49,106,434
2002,North Dakota,2,2,0,0,0,0,0,2,2,4,2,4,0,0,3,1,0,0,0,2,6
2002,Ohio,1,43,109,13,0,0,0,91,95,162,102,155,8,2,21,46,48,28,29,75,257
2002,Oklahoma,31,14,52,17,0,0,0,76,74,116,30,159,25,8,15,31,25,28,24,34,190
2002,Oregon,3,32,15,31,0,3,0,27,43,68,67,44,4,4,18,25,10,18,14,18,111
2002,Pennsylvania,1,83,136,35,0,0,1,97,152,201,127,224,4,11,30,56,62,44,40,106,353
2002,Rhode Island,0,13,14,8,0,0,0,14,20,29,33,16,1,0,8,10,8,6,7,9,49
2002,South Carolina,0,11,171,21,0,1,0,52,89,167,32,224,6,8,16,18,55,50,38,65,256
2002,South Dakota,11,0,0,0,0,0,0,2,7,6,1,12,0,0,0,1,3,0,4,5,13
2002,Tennessee,0,13,135,23,0,0,0,137,106,202,49,259,12,6,20,46,48,46,42,88,308
2002,Texas,0,145,373,744,0,1,3,272,517,"1,021",652,886,67,33,137,245,310,306,195,245,1538
2002,Utah,3,4,1,8,0,2,0,13,14,17,20,11,1,1,4,9,3,5,4,4,31
2002,Vermont,0,2,1,1,0,0,0,4,4,4,5,3,0,0,1,2,1,2,0,2,8
2002,Virginia,0,88,84,74,1,0,2,66,137,177,189,126,11,6,34,67,48,45,39,65,314
2002,Washington,15,101,47,33,0,2,4,50,107,145,174,78,7,6,38,45,44,37,22,53,252
2002,West Virginia,0,0,4,1,0,0,0,25,15,15,1,29,0,0,1,3,7,3,6,10,30
2002,Wisconsin,2,24,23,9,0,0,2,18,37,41,37,40,0,1,11,12,10,13,11,20,78
2002,Wyoming,0,0,0,0,0,0,0,3,2,1,0,3,0,0,0,0,1,0,0,2,3
2003,Alabama,0,10,143,20,0,0,0,85,79,179,32,226,15,3,22,22,53,41,30,72,258
2003,Alaska,40,10,0,2,0,0,3,2,18,39,16,41,5,2,8,3,15,9,7,8,57
2003,Arizona,15,28,12,178,0,0,0,62,107,188,172,121,30,15,31,48,41,34,35,61,295
2003,Arkansas,0,8,33,12,0,10,0,65,48,80,24,104,5,3,6,15,17,22,17,43,128
2003,California,7,"1,322",248,"1,280",5,18,9,329,"1,345","1,873","2,414",783,131,99,350,488,502,511,415,722,3218
2003,Colorado,0,30,9,52,0,1,0,19,48,63,77,34,11,8,10,23,19,12,9,19,111
2003,Connecticut,0,34,27,31,0,0,0,19,53,58,80,31,1,2,17,24,12,17,15,23,111
2003,Delaware,0,6,8,7,0,0,0,11,8,24,18,14,1,0,6,4,4,6,1,10,32
2003,District of Columbia,0,4,61,8,0,0,0,6,31,48,23,56,0,1,6,11,15,21,14,11,79
2003,Florida,0,77,448,251,6,2,0,257,377,664,466,575,21,26,76,156,215,232,133,182,1041
2003,Georgia,0,49,309,85,7,0,2,80,210,322,156,373,33,10,59,94,107,95,53,81,532
2003,Hawaii,0,94,0,3,0,13,1,5,42,74,94,22,2,1,11,13,19,13,13,44,116
2003,Idaho,2,0,1,8,0,0,1,1,5,8,7,6,1,1,3,2,1,2,0,3,13
2003,Illinois,4,154,236,144,2,1,1,90,254,378,294,338,25,19,71,116,112,112,70,107,632
2003,Indiana,0,18,56,19,0,0,0,50,49,94,49,94,4,2,11,28,29,20,12,37,143
2003,Iowa,0,11,7,10,0,1,0,11,14,26,30,10,1,2,8,11,2,4,6,6,40
2003,Kansas,0,20,16,18,0,1,1,19,26,49,44,31,2,1,10,16,15,11,11,9,75
2003,Kentucky,0,6,19,19,0,0,0,94,46,92,29,109,4,1,16,16,18,17,19,47,138
2003,Louisiana,3,24,140,8,0,0,1,80,79,177,33,221,5,3,11,39,56,67,31,44,256
2003,Maine,1,3,9,0,0,0,0,11,6,18,13,11,0,0,3,4,8,4,1,4,24
2003,Maryland,0,64,138,34,1,0,0,32,112,157,175,94,5,3,24,62,54,46,25,50,269
2003,Massachusetts,1,89,70,42,0,1,1,57,109,152,208,53,3,3,34,54,42,39,35,51,261
2003,Michigan,0,49,96,23,1,0,0,74,118,125,100,143,5,6,38,30,38,34,32,60,243
2003,Minnesota,5,64,108,20,1,0,1,15,103,111,173,41,11,9,58,68,24,17,8,19,214
2003,Mississippi,0,6,80,7,0,1,0,35,37,92,11,117,5,5,11,22,14,19,14,39,129
2003,Missouri,0,16,39,12,0,0,2,61,41,89,42,88,4,4,10,12,23,22,13,42,130
2003,Montana,5,0,0,0,0,0,0,2,2,5,0,7,0,1,0,0,1,3,2,0,7
2003,Nebraska,1,5,2,12,1,0,0,7,9,19,20,8,0,1,6,3,5,3,5,5,28
2003,Nevada,1,49,13,23,0,0,0,20,45,61,72,34,4,0,9,14,27,22,15,15,106
2003,New Hampshire,0,9,3,1,0,0,0,2,5,10,13,2,0,1,1,6,1,2,1,3,15
2003,New Jersey,0,139,116,168,0,0,0,72,235,260,347,147,15,12,69,125,73,77,42,82,495
2003,New Mexico,11,3,0,26,0,1,0,8,18,31,20,29,3,1,1,3,8,7,8,18,49
2003,New York,1,395,459,444,4,0,0,168,564,907,976,483,32,26,164,300,325,237,152,235,1471
2003,North Carolina,7,29,183,69,1,1,0,84,140,234,111,262,12,5,29,58,70,66,54,80,374
2003,North Dakota,1,1,1,0,0,0,0,3,2,4,2,4,0,0,2,0,0,0,1,3,6
2003,Ohio,1,39,90,7,1,1,0,90,87,142,79,150,5,7,17,30,33,28,24,85,229
2003,Oklahoma,33,16,28,18,0,0,0,68,55,108,42,120,11,1,17,17,33,31,21,32,163
2003,Oregon,2,36,4,33,0,3,0,29,36,71,69,38,4,4,16,24,14,18,12,15,107
2003,Pennsylvania,0,92,94,36,1,0,0,113,162,174,141,194,9,3,31,60,47,44,48,94,336
2003,Rhode Island,0,9,9,13,0,0,0,15,15,31,31,14,1,4,5,6,5,7,4,14,46
2003,South Carolina,3,9,168,33,0,0,0,41,90,164,39,215,12,6,25,32,42,58,34,45,254
2003,South Dakota,10,4,0,0,0,0,0,6,9,11,4,16,2,1,2,2,1,3,2,7,20
2003,Tennessee,0,22,112,24,1,0,5,122,97,189,52,234,8,11,21,38,52,47,28,81,286
2003,Texas,4,164,407,775,4,1,0,224,529,"1,050",709,870,76,36,153,255,290,337,188,244,1579
2003,Utah,1,9,8,13,0,1,0,7,16,23,28,11,2,5,5,7,3,6,3,8,39
2003,Vermont,0,4,3,0,0,0,0,1,5,3,7,1,0,0,1,1,3,1,1,1,8
2003,Virginia,0,104,98,63,1,0,11,55,135,195,207,125,16,4,49,70,46,53,33,61,330
2003,Washington,17,102,35,40,0,7,0,49,94,156,160,90,3,6,28,39,47,57,26,44,250
2003,West Virginia,0,1,2,1,0,0,0,17,6,15,2,19,0,0,0,2,0,4,6,9,21
2003,Wisconsin,2,24,11,12,0,0,0,17,34,32,36,30,2,0,12,13,6,8,7,18,66
2003,Wyoming,1,0,0,1,0,0,0,2,1,3,1,3,0,0,0,0,1,0,2,1,4
2004,Alabama,0,17,117,18,0,0,0,59,88,123,39,172,9,3,12,44,32,34,32,45,211
2004,Alaska,29,8,2,0,0,0,1,3,17,26,9,34,3,3,1,4,11,6,8,7,43
2004,Arizona,18,27,27,150,1,1,0,48,87,185,156,115,21,11,26,43,61,39,28,43,272
2004,Arkansas,2,11,32,21,1,20,1,46,43,84,48,86,2,9,19,15,15,19,14,41,127
2004,California,5,"1,269",225,"1,175",6,13,4,293,"1,205","1,785","2,258",720,116,104,305,443,478,480,388,676,2990
2004,Colorado,1,14,36,54,0,0,0,23,44,84,87,41,14,11,18,24,18,16,8,19,128
2004,Connecticut,0,23,26,30,0,0,0,22,35,66,68,33,0,0,9,16,16,22,14,24,101
2004,Delaware,0,7,13,7,0,0,0,6,13,20,15,18,0,0,2,7,2,7,2,13,33
2004,District of Columbia,0,7,59,9,0,0,0,6,21,60,29,52,3,1,5,19,15,19,7,12,81
2004,Florida,2,74,443,295,2,2,1,255,363,711,510,561,38,38,103,135,225,236,124,175,1074
2004,Georgia,0,51,311,93,0,0,2,80,209,328,184,353,23,13,63,84,107,103,68,75,537
2004,Hawaii,0,102,0,3,1,7,0,3,50,66,96,19,1,3,9,14,18,15,20,36,116
2004,Idaho,0,0,1,5,0,0,0,5,5,6,5,6,1,0,1,2,0,2,1,4,11
2004,Illinois,2,126,188,157,5,1,0,88,225,342,256,311,20,19,54,103,103,111,63,94,567
2004,Indiana,1,18,42,19,0,0,0,48,50,78,43,85,6,1,12,25,20,22,13,29,128
2004,Iowa,0,11,12,9,0,0,0,15,18,29,31,16,4,1,4,13,10,7,3,5,47
2004,Kansas,0,10,13,27,0,0,0,12,23,39,35,27,4,3,7,12,16,8,3,9,62
2004,Kentucky,0,6,19,21,0,0,0,81,41,86,38,89,1,3,12,23,18,14,18,38,127
2004,Louisiana,0,25,149,10,0,0,0,64,88,160,31,216,7,8,20,28,47,64,44,30,248
2004,Maine,0,1,7,0,1,0,0,11,8,12,9,11,0,2,2,2,5,1,0,8,20
2004,Maryland,0,77,155,44,0,0,0,37,140,173,187,126,7,6,40,66,54,49,34,57,313
2004,Massachusetts,1,101,65,48,0,0,0,68,109,174,216,67,1,7,40,65,40,41,34,55,283
2004,Michigan,0,54,119,30,1,0,3,65,109,163,104,168,13,6,32,53,38,46,30,54,272
2004,Minnesota,7,39,103,26,0,0,0,24,97,102,163,36,9,12,54,46,24,20,11,23,199
2004,Mississippi,1,5,76,5,0,0,0,32,48,71,11,108,4,4,7,13,20,29,10,32,119
2004,Missouri,0,14,49,13,0,0,0,51,42,85,35,92,2,4,14,17,16,21,10,43,127
2004,Montana,6,1,0,1,0,0,1,6,2,13,2,13,1,0,0,0,3,1,3,7,15
2004,Nebraska,1,4,11,14,2,0,0,7,19,20,31,8,7,1,9,7,3,8,2,2,39
2004,Nevada,3,17,12,34,0,0,0,29,34,61,58,37,0,1,17,13,14,11,24,15,95
2004,New Hampshire,0,8,4,5,0,0,0,7,17,7,18,6,1,1,4,3,5,2,4,4,24
2004,New Jersey,0,148,114,163,0,0,0,57,224,258,334,148,20,11,60,117,86,66,47,75,482
2004,New Mexico,13,0,0,24,0,0,0,5,19,23,19,23,0,0,3,6,4,2,7,20,42
2004,New York,0,368,409,406,0,1,10,165,541,818,905,451,40,30,151,274,274,218,164,208,1359
2004,North Carolina,5,42,168,91,0,0,0,75,150,231,134,247,25,6,42,59,66,67,29,87,381
2004,North Dakota,1,1,0,0,0,0,0,2,3,1,1,3,0,0,0,1,0,2,0,1,4
2004,Ohio,0,34,81,25,2,1,0,76,83,136,86,132,2,2,31,31,46,26,20,61,219
2004,Oklahoma,35,20,32,28,4,0,0,59,57,121,37,141,14,10,23,21,29,33,21,27,178
2004,Oregon,3,28,14,26,0,4,0,32,43,64,66,41,4,3,12,20,9,20,14,25,107
2004,Pennsylvania,0,110,108,32,0,0,0,78,128,200,164,163,4,8,38,67,50,41,38,82,328
2004,Rhode Island,0,7,12,17,0,0,0,15,28,23,30,21,1,1,9,11,9,6,5,9,51
2004,South Carolina,0,19,141,35,0,0,0,38,76,157,59,174,12,5,26,32,36,48,36,38,233
2004,South Dakota,5,0,0,2,0,0,0,4,0,11,2,9,0,0,1,2,2,1,1,4,11
2004,Tennessee,0,14,123,28,0,2,0,111,90,188,50,228,12,5,19,29,30,74,30,79,278
2004,Texas,1,189,379,834,6,6,0,255,582,"1,088",753,917,70,37,187,276,323,330,178,269,1670
2004,Utah,1,8,5,10,0,3,0,9,16,20,24,12,2,1,6,9,5,5,2,6,36
2004,Vermont,0,1,2,0,0,0,0,3,4,2,3,3,1,0,1,0,0,1,1,2,6
2004,Virginia,1,95,101,78,1,0,1,52,165,164,214,115,15,5,37,78,55,44,36,59,329
2004,Washington,12,92,48,32,1,2,4,54,102,143,164,81,4,2,39,45,36,35,33,51,245
2004,West Virginia,0,1,2,3,0,0,0,18,8,16,3,21,1,0,3,0,0,9,3,8,24
2004,Wisconsin,1,30,15,22,0,0,0,27,30,65,53,42,4,2,14,12,14,19,6,24,95
2004,Wyoming,0,1,0,2,0,0,0,2,2,3,2,3,0,0,0,1,1,1,1,1,5
2005,Alabama,0,13,85,28,0,0,0,90,65,151,40,176,7,8,22,27,28,40,29,55,216
2005,Alaska,29,18,0,3,3,0,0,6,27,32,17,42,4,3,5,9,6,15,10,7,59
2005,Arizona,13,20,21,174,0,0,0,53,99,182,170,108,22,15,25,44,52,49,28,46,281
2005,Arkansas,0,5,36,27,1,6,0,42,50,67,34,83,4,5,7,14,18,24,15,30,117
2005,California,4,"1,253",223,"1,127",6,12,5,267,"1,150","1,747","2,228",653,85,64,280,438,475,495,352,708,2897
2005,Colorado,1,12,21,49,1,0,0,17,39,62,59,42,6,11,12,14,7,14,11,26,101
2005,Connecticut,0,25,26,22,0,0,0,23,45,51,63,33,1,1,10,20,24,12,13,15,96
2005,Delaware,0,3,9,12,0,0,0,3,12,15,18,9,1,0,4,6,3,5,3,5,27
2005,District of Columbia,0,3,46,6,0,0,0,0,20,35,25,29,1,0,3,14,6,21,6,4,55
2005,Florida,0,84,462,285,4,0,0,258,387,706,486,607,30,27,115,164,211,249,133,164,1093
2005,Georgia,0,44,286,89,0,2,2,81,174,330,187,317,30,11,74,89,96,82,46,76,504
2005,Hawaii,0,88,0,3,0,14,0,7,49,63,91,21,1,2,9,16,8,17,17,42,112
2005,Idaho,2,0,1,6,1,0,0,13,12,11,11,12,1,1,1,3,3,6,3,5,23
2005,Illinois,2,146,222,140,2,1,0,76,247,342,297,292,22,21,63,104,98,107,71,103,589
2005,Indiana,0,24,41,31,0,1,0,49,56,90,60,86,7,2,18,24,20,22,21,32,146
2005,Iowa,1,6,7,13,0,0,0,28,21,34,30,25,1,3,10,13,9,9,3,7,55
2005,Kansas,1,9,16,18,0,1,0,15,28,32,31,29,1,2,7,14,12,8,7,9,60
2005,Kentucky,0,8,16,24,0,0,0,76,34,90,31,93,4,2,11,13,17,19,15,43,124
2005,Louisiana,4,14,160,17,1,0,2,68,83,183,25,241,10,7,17,36,37,75,36,48,266
2005,Maine,0,5,4,0,0,0,0,8,7,10,8,9,0,1,2,2,4,1,4,3,17
2005,Maryland,0,63,149,47,0,0,0,24,130,153,174,109,8,9,41,72,46,40,28,39,283
2005,Massachusetts,0,87,75,45,0,0,0,59,113,153,206,60,6,7,29,56,47,37,32,52,266
2005,Michigan,1,51,107,23,3,0,1,59,113,132,99,146,4,4,23,56,35,37,35,51,245
2005,Minnesota,5,53,111,18,0,0,0,12,87,112,173,26,9,11,65,44,28,14,10,18,199
2005,Mississippi,1,0,64,12,0,0,0,26,28,75,15,88,2,1,4,12,15,17,14,38,103
2005,Missouri,0,11,36,13,0,1,0,47,38,70,38,70,2,1,12,14,19,14,16,30,108
2005,Montana,5,0,0,1,0,0,0,4,4,6,0,10,0,0,1,0,1,4,1,3,10
2005,Nebraska,1,2,4,13,1,1,0,13,14,21,21,14,0,0,7,5,4,5,4,10,35
2005,Nevada,0,35,11,36,0,2,0,28,44,68,78,34,1,4,11,15,23,18,15,25,112
2005,New Hampshire,0,4,0,0,0,0,0,0,2,2,4,0,0,0,0,1,2,0,0,1,4
2005,New Jersey,0,146,123,144,0,0,0,72,199,286,323,162,12,12,70,92,94,75,50,80,485
2005,New Mexico,8,3,3,23,0,0,0,2,18,21,18,21,0,0,2,3,4,4,6,20,39
2005,New York,0,346,368,375,6,4,30,154,467,816,897,379,30,29,151,252,246,188,162,225,1283
2005,North Carolina,8,28,159,72,0,0,0,62,96,233,110,219,13,7,29,57,49,56,49,69,329
2005,North Dakota,3,0,1,0,0,0,0,2,2,4,1,5,0,0,0,1,1,1,3,0,6
2005,Ohio,0,38,114,24,2,0,0,82,89,171,104,156,6,13,27,43,37,43,30,61,260
2005,Oklahoma,31,13,21,21,11,0,0,47,46,98,34,110,12,7,7,17,24,30,21,26,144
2005,Oregon,3,33,7,25,1,5,0,29,43,60,67,36,1,3,10,20,24,15,15,15,103
2005,Pennsylvania,0,85,87,37,0,0,1,110,131,189,150,169,2,11,29,58,39,42,39,100,320
2005,Rhode Island,0,9,5,16,0,0,0,17,20,27,31,15,3,0,2,9,8,4,9,12,47
2005,South Carolina,0,6,186,13,0,0,0,56,104,157,18,243,20,6,21,29,42,55,38,50,261
2005,South Dakota,6,3,3,0,0,0,0,4,9,7,6,10,0,0,2,1,4,4,2,3,16
2005,Tennessee,2,14,138,35,0,0,0,110,101,198,64,235,11,10,37,48,42,55,30,66,299
2005,Texas,3,159,329,821,0,0,0,213,528,997,737,788,70,39,170,285,253,302,177,229,1525
2005,Utah,2,3,2,14,0,0,0,8,14,15,22,7,2,2,3,8,2,6,3,3,29
2005,Vermont,0,2,0,0,0,0,0,6,6,2,2,6,0,1,1,1,1,1,1,2,8
2005,Virginia,0,104,111,88,0,1,0,51,173,182,223,132,16,9,42,87,57,42,34,68,355
2005,Washington,17,97,43,37,2,3,0,56,106,149,170,85,4,5,37,39,33,46,37,54,255
2005,West Virginia,0,3,1,1,1,0,0,22,9,19,4,24,0,0,2,2,2,4,3,15,28
2005,Wisconsin,1,22,14,16,0,0,0,14,28,39,45,21,2,0,10,21,9,5,5,15,67
2005,Wyoming,0,0,0,0,0,0,0,0,0,0,0,0,0,0,0,0,0,0,0,0,0
2006,Alabama,0,12,79,39,0,0,0,66,62,134,53,143,5,0,17,40,22,23,41,48,196
2006,Alaska,50,11,2,1,1,0,0,5,32,38,12,58,5,2,7,8,15,21,7,5,70
2006,Arizona,11,30,23,194,0,0,0,55,103,210,182,127,25,16,31,59,47,43,38,54,313
2006,Arkansas,0,7,33,22,5,0,0,35,32,70,32,70,3,4,8,9,16,16,21,25,102
2006,California,8,"1,207",207,"1,066",6,11,6,265,"1,110","1,666","2,128",636,91,42,321,418,440,438,352,674,2776
2006,Colorado,0,27,21,61,1,0,0,14,58,66,83,41,5,2,20,27,9,15,15,31,124
2006,Connecticut,0,23,26,18,0,0,0,22,39,50,53,36,3,1,12,23,14,16,5,15,89
2006,Delaware,1,3,10,12,0,0,0,3,12,17,14,15,2,0,7,3,3,3,6,5,29
2006,District of Columbia,0,4,57,8,0,0,0,3,23,49,33,39,1,4,2,19,11,10,13,12,72
2006,Florida,1,79,414,293,3,3,0,239,351,681,471,561,36,21,100,155,223,226,130,141,1032
2006,Georgia,0,68,249,116,0,0,1,72,199,306,207,299,28,10,68,103,92,89,59,56,505
2006,Hawaii,0,91,0,1,2,14,0,6,43,71,97,17,0,2,15,11,22,16,19,29,114
2006,Idaho,1,3,0,6,0,1,0,9,9,11,10,10,0,1,2,6,2,2,1,6,20
2006,Illinois,1,150,183,141,0,0,0,88,215,347,305,258,28,15,52,89,86,98,81,114,562
2006,Indiana,0,16,34,31,0,0,0,43,40,84,51,73,7,9,13,21,20,22,13,19,124
2006,Iowa,1,11,8,9,0,0,0,11,20,20,28,12,0,0,9,10,5,6,4,6,40
2006,Kansas,0,18,13,24,1,0,0,26,27,55,50,32,1,0,10,16,14,22,10,9,82
2006,Kentucky,0,4,15,8,0,2,0,55,26,58,17,67,0,0,12,12,11,15,12,22,84
2006,Louisiana,1,15,118,11,0,0,0,60,65,140,27,178,9,4,15,41,33,44,31,28,205
2006,Maine,0,2,9,0,0,0,0,5,6,10,9,7,1,0,3,4,2,3,1,2,16
2006,Maryland,0,55,118,50,0,0,0,29,109,143,170,82,5,2,28,60,39,39,29,50,252
2006,Massachusetts,0,84,71,49,0,0,0,55,103,156,198,60,7,1,26,74,43,39,25,44,259
2006,Michigan,1,54,84,24,1,0,0,57,106,115,92,129,6,4,21,33,26,43,25,63,221
2006,Minnesota,8,49,110,24,1,0,0,25,106,111,173,44,7,17,54,45,30,24,11,29,217
2006,Mississippi,3,6,65,13,0,0,0,28,35,80,17,98,3,5,7,11,19,29,13,28,115
2006,Missouri,0,20,29,19,0,0,0,36,47,57,50,54,9,2,7,22,15,16,12,21,104
2006,Montana,4,3,2,0,0,0,0,4,9,4,6,7,0,0,1,3,3,2,2,2,13
2006,Nebraska,2,4,3,9,4,0,0,3,10,15,20,5,2,1,2,5,4,4,4,3,25
2006,Nevada,0,28,17,38,0,0,0,18,35,66,70,31,2,2,9,13,19,22,24,10,101
2006,New Hampshire,0,5,4,1,0,0,0,7,6,11,12,5,0,2,1,4,2,2,1,5,17
2006,New Jersey,0,154,112,169,0,0,0,73,209,299,377,131,7,9,61,119,104,69,52,87,508
2006,New Mexico,12,3,0,30,0,0,0,3,13,35,23,25,0,2,1,4,7,12,6,16,48
2006,New York,0,363,361,376,2,3,1,157,507,756,891,367,30,24,130,268,222,210,149,230,1263
2006,North Carolina,9,55,162,75,1,0,0,73,120,255,133,242,10,7,52,77,56,51,49,73,375
2006,North Dakota,2,3,1,2,0,0,0,2,6,4,5,5,0,0,2,2,3,1,1,1,10
2006,Ohio,0,26,122,19,1,0,0,71,96,143,104,134,7,9,36,51,30,26,19,61,239
2006,Oklahoma,21,20,22,24,0,0,0,57,50,94,37,107,8,3,9,17,18,30,27,32,144
2006,Oregon,1,20,13,15,0,7,0,25,34,47,53,28,0,4,11,9,17,10,10,20,81
2006,Pennsylvania,0,82,134,40,1,2,0,78,139,198,167,169,15,19,26,46,51,48,48,84,337
2006,Rhode Island,0,5,5,13,0,0,0,3,9,17,22,4,0,3,3,6,5,2,5,2,26
2006,South Carolina,1,12,140,25,0,1,0,43,75,147,41,181,4,3,22,27,37,46,41,42,222
2006,South Dakota,6,3,4,0,0,0,0,1,6,8,7,7,0,1,2,2,3,1,2,3,14
2006,Tennessee,0,20,126,34,1,2,0,94,91,186,70,207,12,6,27,42,41,46,30,73,277
2006,Texas,5,195,349,779,7,0,0,231,506,"1,060",754,812,62,43,175,259,286,304,200,237,1566
2006,Utah,1,6,6,13,0,3,0,5,13,21,24,10,5,1,4,6,6,6,3,3,34
2006,Vermont,0,2,3,0,0,0,0,3,3,5,4,4,0,0,3,1,0,1,1,2,8
2006,Virginia,0,105,115,81,0,0,0,31,143,189,229,103,14,12,51,58,58,48,36,55,332
2006,Washington,11,114,36,41,1,3,1,55,102,160,189,73,8,4,28,44,50,46,25,57,262
2006,West Virginia,0,2,1,2,0,0,0,17,4,18,4,18,0,0,2,2,3,4,2,9,22
2006,Wisconsin,2,17,13,23,0,0,0,19,37,37,39,35,9,2,7,16,4,9,8,19,74
2006,Wyoming,1,1,1,0,0,0,0,1,2,2,2,2,0,0,0,1,0,1,1,1,4
2007,Alabama,0,14,83,22,0,1,0,56,58,118,38,138,4,3,20,22,20,42,22,43,176
2007,Alaska,28,7,1,1,1,0,4,8,16,34,8,42,3,1,4,3,4,17,6,12,50
2007,Arizona,22,49,18,171,1,0,0,41,112,190,186,113,16,8,37,49,51,42,33,66,302
2007,Arkansas,0,11,36,17,0,5,0,37,43,63,31,75,8,3,19,10,9,15,14,28,106
2007,California,5,"1,240",216,995,4,17,10,235,"1,073","1,649","2,106",597,89,45,291,402,383,454,407,651,2722
2007,Colorado,1,27,16,51,0,0,0,16,42,69,78,33,4,3,16,14,15,11,14,34,111
2007,Connecticut,0,33,19,33,0,0,0,23,50,58,75,32,2,1,17,25,22,15,12,14,108
2007,Delaware,0,7,6,6,0,0,0,0,9,10,17,2,1,0,2,11,3,0,2,0,19
2007,District of Columbia,0,4,39,15,0,0,0,1,19,40,30,29,2,0,3,12,7,14,10,11,59
2007,Florida,2,102,380,293,3,1,0,207,377,611,464,524,41,20,103,173,159,199,137,156,988
2007,Georgia,0,64,245,96,0,1,0,70,170,306,167,271,26,11,58,86,84,90,51,70,476
2007,Hawaii,0,87,0,1,0,26,0,8,56,66,98,23,1,2,14,14,10,20,25,36,122
2007,Idaho,0,1,0,3,0,0,0,5,3,6,5,4,0,0,1,3,1,0,2,2,9
2007,Illinois,0,149,153,130,0,0,4,83,194,325,308,211,11,7,44,75,83,105,72,122,519
2007,Indiana,0,18,28,34,0,0,0,48,48,80,55,73,4,1,20,24,23,26,10,20,128
2007,Iowa,0,13,5,9,0,1,0,15,15,28,24,19,0,1,5,13,7,4,6,7,43
2007,Kansas,1,16,15,17,0,1,0,9,25,34,38,21,1,3,12,7,4,14,9,9,59
2007,Kentucky,0,5,24,25,0,0,0,66,40,80,37,83,2,2,15,22,13,20,14,32,120
2007,Louisiana,0,14,126,26,0,0,0,51,66,151,36,181,6,5,24,21,44,59,32,26,217
2007,Maine,0,4,6,2,0,0,0,7,9,10,13,6,1,1,3,4,1,5,0,4,19
2007,Maryland,0,79,127,39,0,0,0,26,110,161,187,84,7,6,44,56,38,44,30,46,271
2007,Massachusetts,0,73,69,35,0,0,0,47,95,129,166,58,4,11,23,41,33,40,33,39,224
2007,Michigan,1,42,105,19,1,0,3,55,101,125,84,141,11,10,27,39,23,33,27,56,226
2007,Minnesota,2,49,146,26,0,0,0,15,123,115,203,35,5,17,54,59,33,20,21,29,238
2007,Mississippi,3,5,85,12,0,0,0,32,38,99,15,122,6,3,16,13,26,30,21,22,137
2007,Missouri,0,26,39,10,0,1,0,42,55,63,42,76,4,0,15,18,16,27,12,26,118
2007,Montana,2,3,0,0,0,0,0,6,5,6,3,8,0,0,0,1,1,2,3,4,11
2007,Nebraska,0,6,3,12,1,1,0,2,11,14,24,1,0,2,3,6,2,5,4,3,25
2007,Nevada,1,31,14,37,0,1,0,18,41,61,64,38,6,3,15,14,11,15,21,17,102
2007,New Hampshire,0,7,0,2,0,0,0,2,6,5,9,2,0,0,0,1,2,1,3,4,11
2007,New Jersey,0,159,82,165,0,0,0,61,209,258,344,123,19,11,58,109,65,69,53,83,467
2007,New Mexico,11,3,1,27,0,0,0,9,15,35,24,27,2,0,3,5,5,9,9,17,50
2007,New York,0,349,328,345,4,3,2,138,489,680,834,331,24,18,149,241,209,187,126,215,1169
2007,North Carolina,7,51,130,99,4,1,0,53,131,213,140,205,18,7,45,68,53,44,45,65,344
2007,North Dakota,2,1,0,1,0,0,0,3,3,4,2,5,0,0,0,2,1,2,0,2,7
2007,Ohio,0,43,113,19,0,0,0,76,99,152,114,137,8,5,30,43,37,46,24,58,251
2007,Oklahoma,26,9,22,25,0,5,0,62,47,102,36,113,12,9,11,20,16,30,30,21,149
2007,Oregon,0,26,8,38,0,2,0,20,36,58,70,24,3,3,11,18,20,15,13,11,94
2007,Pennsylvania,0,91,93,17,1,1,0,72,134,141,144,129,14,12,28,39,40,51,35,56,275
2007,Rhode Island,0,5,12,15,0,0,0,13,16,29,35,10,7,1,3,9,5,8,4,8,45
2007,South Carolina,3,19,124,34,2,2,0,34,95,123,58,160,7,6,31,30,29,40,32,43,218
2007,South Dakota,7,1,2,0,0,0,0,3,6,7,2,11,0,0,0,1,0,2,6,4,13
2007,Tennessee,0,19,95,36,1,1,1,82,84,151,68,167,4,6,20,41,42,36,32,54,235
2007,Texas,1,224,312,729,0,5,0,233,509,995,776,727,62,42,170,248,274,286,207,215,1504
2007,Utah,1,12,4,15,0,3,0,4,18,21,29,10,1,1,10,7,6,6,2,6,39
2007,Vermont,0,0,2,0,0,0,0,1,0,3,2,1,0,0,0,1,1,0,0,1,3
2007,Virginia,0,103,77,96,0,0,0,33,130,179,230,79,8,9,46,69,57,44,31,45,309
2007,Washington,7,119,54,55,1,16,0,39,118,173,216,75,11,11,46,62,39,41,28,53,291
2007,West Virginia,0,5,2,0,0,0,0,17,6,18,5,19,0,0,2,4,3,3,3,9,24
2007,Wisconsin,0,20,10,20,0,0,0,20,30,40,38,31,2,0,12,13,11,8,6,18,70
2007,Wyoming,0,1,0,0,0,0,0,1,0,2,1,1,0,0,0,1,0,1,0,0,2
2008,Alabama,0,9,80,27,0,0,0,60,57,119,40,136,5,3,15,23,21,32,27,50,176
2008,Alaska,33,9,2,3,0,0,0,3,17,33,12,38,2,2,3,5,11,10,9,8,50
2008,Arizona,15,34,18,128,2,0,0,30,72,155,148,79,19,10,25,47,32,30,21,43,227
2008,Arkansas,0,10,23,10,0,1,0,39,35,48,19,64,3,4,8,6,10,11,14,27,83
2008,California,9,"1,141",207,"1,058",6,13,3,258,"1,041","1,654","2,019",670,85,68,279,414,399,431,396,623,2695
2008,Colorado,3,29,18,37,1,0,0,15,39,64,73,30,5,5,13,12,21,17,11,19,103
2008,Connecticut,0,32,18,30,0,1,0,17,37,61,76,22,2,0,14,24,16,16,7,19,98
2008,Delaware,0,4,6,7,0,0,0,6,11,12,15,8,2,0,3,7,6,0,1,4,23
2008,District of Columbia,0,3,41,9,0,0,0,1,20,34,30,24,3,0,9,8,8,11,10,5,54
2008,Florida,1,96,390,257,1,0,0,212,340,617,452,505,38,9,93,135,145,232,142,163,957
2008,Georgia,0,83,230,93,0,0,0,70,173,303,194,282,33,9,52,93,82,74,72,61,476
2008,Hawaii,0,93,1,1,0,26,0,3,60,64,109,15,0,2,12,15,10,30,25,30,124
2008,Idaho,0,1,2,2,0,1,0,5,5,6,8,3,1,1,4,1,0,0,0,4,11
2008,Illinois,0,152,133,95,0,0,4,82,192,274,281,185,9,5,44,90,75,87,66,90,466
2008,Indiana,1,25,23,23,0,0,0,46,49,69,48,70,7,2,12,16,17,16,17,31,118
2008,Iowa,0,18,8,7,0,0,0,16,21,28,32,17,0,1,5,14,6,11,6,6,49
2008,Kansas,2,17,10,21,0,0,0,7,22,35,37,20,6,3,8,12,8,6,5,9,57
2008,Kentucky,0,8,19,20,1,0,0,53,28,73,43,58,1,4,19,6,21,22,6,22,101
2008,Louisiana,0,20,123,21,0,0,0,63,73,154,45,182,2,2,25,36,38,58,29,37,227
2008,Maine,0,2,4,1,0,0,0,2,7,2,8,1,0,0,1,2,1,3,1,1,9
2008,Maryland,0,85,111,52,0,0,0,30,110,168,197,81,9,3,46,54,49,43,21,53,278
2008,Massachusetts,0,94,71,41,2,0,0,53,112,149,215,46,2,2,39,55,42,37,38,46,261
2008,Michigan,0,44,59,26,0,0,6,53,75,112,83,105,5,2,23,38,19,35,30,36,187
2008,Minnesota,4,48,112,31,0,0,0,16,93,117,155,56,18,13,52,51,21,20,13,23,210
2008,Mississippi,0,3,80,5,0,0,0,29,34,83,8,109,3,6,6,14,17,32,18,21,117
2008,Missouri,0,20,37,12,0,2,0,36,46,61,60,47,3,0,14,27,11,9,16,27,107
2008,Montana,4,2,0,0,0,0,0,3,5,4,3,6,1,0,1,0,2,1,1,3,9
2008,Nebraska,1,6,8,14,0,0,0,4,11,22,23,10,4,1,7,8,4,5,2,2,33
2008,Nevada,1,32,10,43,0,0,0,16,34,68,70,32,11,1,10,13,16,20,15,16,102
2008,New Hampshire,0,6,2,3,0,0,0,8,9,10,14,5,0,0,3,2,3,0,4,7,19
2008,New Jersey,0,168,77,128,0,0,0,49,170,252,323,99,2,7,42,85,91,69,53,73,422
2008,New Mexico,18,6,0,35,0,0,0,0,24,35,31,28,0,2,3,3,9,12,10,20,59
2008,New York,1,401,270,364,8,0,10,136,476,714,902,287,16,24,161,221,203,213,145,207,1190
2008,North Carolina,9,44,128,85,11,0,0,58,123,212,122,213,19,8,30,60,60,54,36,68,335
2008,North Dakota,0,0,0,0,0,0,0,0,0,0,0,0,0,0,0,0,0,0,0,0,0
2008,Ohio,0,41,82,32,1,0,0,57,86,127,98,115,12,9,28,34,36,21,24,49,213
2008,Oklahoma,19,7,23,13,0,6,1,31,43,57,27,73,12,1,7,16,14,17,16,17,100
2008,Oregon,0,30,3,23,0,2,0,17,28,47,58,17,2,1,10,14,15,10,9,14,75
2008,Pennsylvania,0,112,138,41,2,2,0,92,165,222,205,181,23,30,43,53,53,60,32,93,387
2008,Rhode Island,1,13,9,9,0,0,0,4,18,18,28,8,1,3,2,7,5,5,5,8,36
2008,South Carolina,0,21,101,44,0,0,0,22,60,128,57,131,14,5,17,32,27,28,24,41,188
2008,South Dakota,4,1,10,0,0,0,0,1,11,5,4,12,6,2,2,4,0,0,0,2,16
2008,Tennessee,1,27,115,42,0,0,0,97,99,183,85,197,13,2,21,48,46,57,31,64,282
2008,Texas,1,173,332,765,6,3,0,220,536,964,729,771,74,22,150,279,261,306,197,211,1500
2008,Utah,1,6,3,10,0,1,0,6,14,13,17,10,1,0,6,3,3,1,4,9,27
2008,Vermont,0,1,1,0,0,0,0,4,4,2,3,3,0,0,0,1,0,2,2,1,6
2008,Virginia,0,113,75,62,0,0,0,42,124,168,212,80,5,4,33,58,43,48,35,66,292
2008,Washington,6,78,51,52,0,11,1,29,107,121,173,55,13,10,31,41,40,24,24,45,228
2008,West Virginia,0,3,3,3,0,0,0,19,6,22,7,21,1,0,3,0,6,8,4,6,28
2008,Wisconsin,1,23,13,13,0,0,0,18,30,38,41,26,1,1,9,15,10,6,11,15,68
2008,Wyoming,0,1,0,2,0,0,0,2,3,2,3,2,0,0,0,3,0,0,2,0,5
2009,Alabama,0,11,72,26,0,0,0,59,49,119,42,126,8,1,11,27,12,34,31,44,168
2009,Alaska,25,9,1,0,0,0,0,2,13,24,9,28,1,1,3,2,7,7,8,8,37
2009,Arizona,18,53,21,110,0,1,0,29,86,146,154,78,15,1,28,50,32,34,26,46,232
2009,Arkansas,0,5,26,14,0,8,0,29,32,50,21,61,5,4,3,11,12,10,10,27,82
2009,California,3,"1,117",187,913,6,13,14,213,967,"1,498","1,867",582,70,53,232,387,354,362,380,628,2465
2009,Colorado,1,19,12,42,2,0,0,9,41,44,60,25,8,3,7,16,17,10,14,10,85
2009,Connecticut,0,24,21,29,3,0,0,18,50,45,72,23,3,1,15,21,16,11,8,20,95
2009,Delaware,0,1,4,8,0,0,0,6,8,11,12,7,1,0,2,5,4,2,4,1,19
2009,District of Columbia,0,3,27,7,0,0,0,4,24,17,19,22,1,0,3,10,4,9,5,9,41
2009,Florida,1,77,341,211,0,2,0,190,300,522,396,426,20,9,69,119,166,174,110,155,822
2009,Georgia,0,63,184,90,0,0,1,73,141,270,173,238,17,7,57,80,62,90,40,58,411
2009,Hawaii,0,85,3,2,1,20,0,6,55,62,100,17,2,0,10,12,14,24,20,35,117
2009,Idaho,0,2,1,8,0,0,0,7,7,11,5,13,3,0,1,1,1,5,3,4,18
2009,Illinois,1,133,125,103,0,1,0,55,181,237,260,158,14,2,51,78,67,72,59,75,418
2009,Indiana,0,28,33,26,0,0,0,32,34,85,55,64,3,4,10,16,20,26,20,20,119
2009,Iowa,1,15,2,6,0,2,0,16,19,23,30,12,1,1,6,12,6,7,8,1,42
2009,Kansas,0,23,12,14,0,1,0,14,28,36,39,25,3,2,13,8,12,10,8,8,64
2009,Kentucky,0,5,16,11,1,0,0,42,30,45,27,48,2,0,8,12,12,9,10,22,75
2009,Louisiana,1,19,101,10,1,1,0,61,68,126,29,165,7,0,17,22,44,42,33,29,194
2009,Maine,0,0,5,0,0,0,0,4,3,6,4,5,0,2,2,0,0,3,0,2,9
2009,Maryland,0,74,96,35,0,0,0,13,102,116,165,53,2,10,28,56,36,31,20,35,218
2009,Massachusetts,0,71,72,43,1,0,1,48,98,138,176,60,6,6,29,41,31,49,30,44,236
2009,Michigan,0,33,61,23,0,0,0,27,58,86,71,73,3,0,26,31,20,26,16,22,144
2009,Minnesota,2,43,80,17,0,0,0,19,82,79,129,32,8,11,27,42,26,14,13,20,161
2009,Mississippi,0,4,85,7,0,0,0,25,37,84,9,112,3,3,4,12,25,32,18,24,121
2009,Missouri,0,23,19,10,0,0,4,21,35,42,67,10,5,1,10,16,10,10,12,13,77
2009,Montana,2,3,1,0,0,0,0,2,3,5,5,3,1,0,1,2,0,1,0,3,8
2009,Nebraska,0,6,12,11,2,0,0,1,14,18,28,4,0,3,10,8,2,3,2,4,32
2009,Nevada,2,47,13,24,0,1,0,19,39,61,71,35,9,7,6,14,14,21,8,27,100
2009,New Hampshire,0,9,4,1,0,0,0,2,11,5,15,1,0,0,6,1,1,2,1,5,16
2009,New Jersey,0,143,89,126,3,0,0,44,187,218,298,107,9,5,57,92,76,47,50,69,405
2009,New Mexico,11,3,2,29,0,0,0,3,22,26,19,29,0,0,4,4,6,5,6,23,48
2009,New York,1,329,232,307,6,1,8,119,422,581,752,251,28,16,126,196,172,139,122,204,1003
2009,North Carolina,6,29,108,53,2,0,0,52,93,157,91,159,9,9,30,37,42,43,38,42,250
2009,North Dakota,1,3,1,0,0,0,0,0,2,3,4,1,0,0,1,3,0,0,0,1,5
2009,Ohio,0,33,65,25,1,0,3,53,68,112,93,87,3,4,22,36,30,27,15,43,180
2009,Oklahoma,13,12,13,16,7,5,0,36,39,63,23,79,10,7,7,14,9,22,16,17,102
2009,Oregon,1,25,6,30,0,4,0,23,28,61,64,25,1,0,13,17,12,16,16,14,89
2009,Pennsylvania,0,72,70,27,5,0,0,62,94,142,127,109,6,5,30,43,25,36,30,61,236
2009,Rhode Island,0,10,2,6,0,0,0,6,11,13,19,5,1,0,0,4,5,0,4,10,24
2009,South Carolina,0,18,86,40,0,0,0,20,56,108,54,110,9,8,24,33,20,21,24,25,164
2009,South Dakota,7,1,4,1,0,0,0,5,7,11,5,13,0,0,2,3,3,5,3,2,18
2009,Tennessee,2,25,80,29,1,0,0,65,75,127,68,134,7,4,21,36,28,48,18,40,202
2009,Texas,0,238,308,771,1,0,0,176,544,950,794,700,71,35,175,272,275,262,207,197,1494
2009,Utah,0,11,3,15,0,3,0,5,16,21,28,9,3,1,4,11,8,2,3,5,37
2009,Vermont,0,2,2,1,0,0,0,1,1,5,6,0,1,0,0,0,2,1,1,1,6
2009,Virginia,0,110,91,42,2,0,0,26,122,149,193,78,11,12,33,63,41,31,28,52,271
2009,Washington,3,106,52,37,3,10,1,44,100,156,198,58,12,5,25,64,34,29,33,54,256
2009,West Virginia,0,6,2,2,0,0,0,9,6,13,9,10,1,0,2,4,2,1,3,6,19
2009,Wisconsin,0,22,13,14,0,0,0,19,30,38,40,28,0,1,7,16,8,11,8,17,68
2009,Wyoming,0,1,1,0,0,0,0,0,1,1,1,1,0,0,1,0,0,1,0,0,2
2010,Alabama,1,12,59,24,0,0,0,50,50,96,39,107,6,2,7,13,27,27,23,41,146
2010,Alaska,41,9,2,0,0,0,0,5,21,36,8,49,2,1,11,3,7,12,10,11,57
2010,Arizona,29,56,20,136,0,1,0,40,94,188,182,98,10,8,26,60,53,49,34,42,282
2010,Arkansas,0,8,23,11,0,6,0,30,28,50,22,56,1,4,12,9,12,12,11,17,78
2010,California,1,"1,094",151,872,4,14,3,184,949,"1,374","1,824",495,55,46,216,340,340,372,365,589,2323
2010,Colorado,1,15,16,28,0,2,0,9,29,42,54,17,2,3,10,7,18,8,7,16,71
2010,Connecticut,0,34,14,19,0,0,0,18,41,44,66,19,3,3,12,21,9,11,7,19,85
2010,Delaware,0,7,10,2,0,0,0,1,10,10,15,5,1,0,4,1,5,3,3,3,20
2010,District of Columbia,0,4,30,7,1,0,0,1,21,22,27,16,1,1,4,10,6,4,9,8,43
2010,Florida,2,91,283,250,1,4,0,197,303,525,409,419,32,25,76,128,146,162,125,134,828
2010,Georgia,0,78,208,70,1,0,0,54,141,270,183,228,14,13,46,70,68,90,52,58,411
2010,Hawaii,0,87,1,1,1,19,0,6,54,61,99,16,4,3,11,15,9,14,17,42,115
2010,Idaho,0,1,4,4,1,0,0,5,7,8,9,6,0,2,1,3,1,3,0,5,15
2010,Illinois,3,102,89,115,0,0,0,74,142,241,228,155,5,1,38,60,54,80,51,94,383
2010,Indiana,0,18,21,22,0,0,0,29,36,54,37,53,4,5,7,18,14,16,12,14,90
2010,Iowa,0,18,12,10,0,0,0,7,18,29,37,10,0,3,6,14,8,4,5,7,47
2010,Kansas,1,14,12,11,0,0,0,8,21,25,26,20,3,2,2,10,9,2,8,10,46
2010,Kentucky,0,12,21,11,0,0,0,46,39,51,42,48,0,0,7,25,6,21,14,17,90
2010,Louisiana,0,23,109,25,1,0,0,42,68,132,45,155,5,2,20,26,34,51,29,33,200
2010,Maine,0,1,5,1,0,0,0,1,6,2,7,1,1,0,1,3,0,2,0,1,8
2010,Maryland,1,68,90,42,0,1,0,18,87,133,151,69,5,5,27,46,52,29,16,40,220
2010,Massachusetts,0,60,32,19,1,0,0,37,76,71,113,36,4,2,17,40,28,16,13,29,147
2010,Michigan,0,57,69,16,0,1,1,38,71,111,95,86,9,2,16,40,26,18,28,43,182
2010,Minnesota,4,41,66,13,0,0,0,11,66,69,109,26,3,4,26,41,18,9,18,16,135
2010,Mississippi,1,5,72,8,0,0,0,30,32,84,16,100,3,2,9,14,21,21,21,25,116
2010,Missouri,0,24,25,12,1,3,0,33,41,57,44,54,4,2,14,17,11,12,18,20,98
2010,Montana,5,0,0,0,0,0,0,1,4,2,0,6,1,0,1,2,0,1,1,0,6
2010,Nebraska,0,4,6,12,1,0,0,4,10,17,21,6,1,0,6,7,2,3,4,4,27
2010,Nevada,2,42,22,29,1,2,0,16,42,72,74,40,16,2,9,12,16,23,17,19,114
2010,New Hampshire,0,2,4,2,0,0,0,2,3,7,8,2,2,0,2,2,1,2,0,1,10
2010,New Jersey,0,154,86,123,0,0,0,41,169,235,299,105,15,12,44,73,65,65,46,84,404
2010,New Mexico,14,5,2,26,0,0,0,3,18,32,25,25,0,0,4,6,4,9,5,22,50
2010,New York,1,338,213,283,9,1,8,95,361,587,740,208,11,26,132,174,155,166,134,150,948
2010,North Carolina,5,55,114,56,6,5,0,53,109,185,122,172,20,4,36,42,44,45,35,68,294
2010,North Dakota,2,2,4,0,0,0,0,1,5,4,6,3,0,0,4,0,2,1,1,1,9
2010,Ohio,0,30,81,23,0,0,1,55,76,114,88,102,4,4,19,36,17,43,22,45,190
2010,Oklahoma,12,14,12,19,2,6,0,21,32,54,26,60,8,2,8,15,8,10,17,18,86
2010,Oregon,2,21,14,17,0,3,1,23,36,45,52,29,1,1,8,19,14,10,16,12,81
2010,Pennsylvania,0,77,86,23,2,0,0,50,97,141,132,106,2,9,20,36,42,34,40,55,238
2010,Rhode Island,0,8,5,8,0,0,0,5,10,16,19,7,2,2,4,5,2,3,2,6,26
2010,South Carolina,0,9,84,24,0,8,0,28,52,101,34,119,10,3,11,26,17,31,22,33,153
2010,South Dakota,11,0,2,0,0,0,0,2,8,7,2,13,1,3,3,1,3,1,0,3,15
2010,Tennessee,0,26,62,36,1,0,0,68,57,136,70,123,12,3,14,35,29,38,23,39,193
2010,Texas,5,204,256,708,0,5,0,200,471,907,748,630,63,37,161,248,239,250,188,192,1378
2010,Utah,1,3,5,7,0,0,0,4,5,15,15,5,0,0,1,5,4,6,0,4,20
2010,Vermont,0,0,2,0,0,0,0,3,3,2,3,2,0,0,1,1,0,1,1,1,5
2010,Virginia,0,101,84,45,1,0,0,37,105,163,173,95,3,8,31,59,47,36,33,51,268
2010,Washington,8,104,41,36,4,15,0,31,118,121,178,60,12,8,31,53,27,32,32,44,239
2010,West Virginia,0,0,4,0,0,0,0,11,2,13,1,14,0,0,1,2,3,3,2,4,15
2010,Wisconsin,1,16,16,10,0,0,0,12,24,31,31,24,1,4,6,12,11,7,4,10,55
2010,Wyoming,0,1,1,2,0,0,0,3,4,3,4,3,0,1,1,0,1,0,2,2,7
2011,Alabama,0,19,71,18,0,1,0,52,55,106,49,112,7,4,14,27,22,33,29,25,161
2011,Alaska,47,10,1,3,0,1,1,4,25,42,15,52,4,2,6,10,9,15,14,7,67
2011,Arizona,20,40,19,137,0,1,0,38,85,170,169,86,8,5,27,54,41,27,31,62,255
2011,Arkansas,1,11,32,7,0,6,0,28,25,60,24,61,1,3,6,13,8,12,18,24,85
2011,California,4,"1,105",138,850,6,25,1,191,941,"1,379","1,803",513,82,46,179,301,324,396,375,617,2320
2011,Colorado,0,22,16,20,1,1,0,10,33,37,49,21,5,3,6,17,8,14,8,9,70
2011,Connecticut,0,30,17,19,0,0,0,17,43,40,65,18,2,1,11,21,15,17,7,9,83
2011,Delaware,0,6,9,3,0,0,0,3,12,9,16,5,0,0,4,7,6,0,2,2,21
2011,District of Columbia,0,7,40,8,0,0,0,2,23,34,31,26,1,0,9,9,9,7,12,10,57
2011,Florida,2,91,293,197,0,6,0,162,261,490,389,362,21,21,59,104,113,181,111,141,751
2011,Georgia,0,62,164,71,0,0,0,50,122,225,160,187,16,10,39,70,52,65,50,45,347
2011,Hawaii,0,98,1,1,1,21,0,1,57,66,108,15,1,0,12,13,13,16,30,38,123
2011,Idaho,1,3,2,1,1,0,0,4,6,6,6,6,0,1,1,3,0,3,1,3,12
2011,Illinois,0,113,89,99,0,0,0,57,141,217,226,132,6,11,30,59,45,69,46,92,358
2011,Indiana,0,22,25,14,0,0,0,39,47,53,43,57,3,4,10,13,20,7,18,25,100
2011,Iowa,0,13,9,6,4,0,0,7,11,28,29,10,0,1,9,10,4,4,5,6,39
2011,Kansas,1,10,11,9,0,0,0,5,11,25,20,16,1,0,3,5,4,7,6,10,36
2011,Kentucky,0,9,16,13,0,1,0,30,18,51,23,46,1,0,6,14,7,12,16,13,69
2011,Louisiana,2,22,75,21,1,0,0,46,41,126,38,129,5,3,12,24,27,39,32,25,167
2011,Maine,0,1,3,0,0,0,0,5,6,3,5,4,0,0,3,0,1,0,0,5,9
2011,Maryland,0,73,86,47,0,0,0,26,96,136,166,66,9,6,19,56,48,27,29,38,232
2011,Massachusetts,0,79,46,28,5,0,2,30,80,110,159,31,8,0,27,30,38,18,26,43,190
2011,Michigan,1,48,61,12,0,1,0,46,66,103,83,85,6,1,14,18,23,36,29,42,169
2011,Minnesota,3,40,66,15,0,0,0,13,71,66,116,21,4,6,25,35,18,15,14,20,137
2011,Mississippi,1,8,56,8,0,0,0,18,31,60,18,73,2,0,5,8,15,23,16,22,91
2011,Missouri,0,18,31,7,0,0,0,26,28,54,31,51,2,2,9,10,15,15,11,18,82
2011,Montana,2,0,0,1,0,0,0,5,3,5,1,7,0,0,0,0,2,2,2,2,8
2011,Nebraska,0,5,8,3,0,1,0,6,8,15,14,9,1,1,5,3,3,3,5,2,23
2011,Nevada,0,37,14,33,0,1,0,11,44,52,71,25,6,4,7,14,15,14,14,22,96
2011,New Hampshire,0,3,3,0,0,0,0,5,4,7,6,5,0,0,1,0,2,2,2,4,11
2011,New Jersey,0,112,71,105,0,0,0,41,156,173,246,83,7,7,35,72,52,50,35,71,329
2011,New Mexico,9,1,4,32,0,0,0,3,15,34,25,24,0,1,2,5,6,10,8,17,49
2011,New York,0,332,193,253,9,0,8,109,377,527,703,201,18,11,102,189,154,138,117,175,904
2011,North Carolina,7,42,90,47,12,1,0,44,93,150,107,136,11,5,24,41,37,43,26,56,243
2011,North Dakota,0,1,0,0,1,0,4,0,4,2,6,0,0,0,4,1,0,1,0,0,6
2011,Ohio,0,37,51,9,1,0,0,47,57,88,82,63,4,3,15,28,24,16,15,40,145
2011,Oklahoma,16,15,11,16,1,3,4,28,34,60,27,67,9,3,6,16,10,14,17,19,94
2011,Oregon,2,28,8,14,0,2,0,18,38,34,50,22,0,1,9,17,13,10,8,14,72
2011,Pennsylvania,0,84,67,46,5,0,0,58,96,164,157,103,8,3,25,52,41,41,36,54,260
2011,Rhode Island,0,10,7,6,0,0,0,4,16,11,21,6,2,0,3,6,6,8,0,2,27
2011,South Carolina,0,19,78,16,0,0,0,26,41,98,33,106,5,2,11,21,15,30,20,35,139
2011,South Dakota,5,3,2,0,0,0,0,5,6,9,6,9,1,0,4,3,0,0,4,3,15
2011,Tennessee,0,20,54,27,0,0,0,55,58,98,55,101,5,3,18,24,24,23,25,34,156
2011,Texas,2,216,248,691,0,2,0,157,458,858,699,617,66,32,144,224,232,203,204,211,1316
2011,Utah,3,11,4,10,0,2,0,4,13,21,25,9,1,1,5,9,3,2,5,8,34
2011,Vermont,0,2,3,0,0,0,0,3,3,5,5,3,0,1,1,1,1,0,2,2,8
2011,Virginia,0,86,47,42,2,0,0,44,94,127,159,62,2,6,22,51,43,30,28,39,221
2011,Washington,3,93,42,17,4,5,0,33,99,98,158,39,4,8,25,37,24,18,28,53,197
2011,West Virginia,0,2,1,1,0,0,0,9,7,6,5,8,1,0,1,0,1,3,2,5,13
2011,Wisconsin,0,32,13,17,0,0,0,8,25,45,47,23,4,3,10,10,7,8,14,14,70
2011,Wyoming,0,2,0,1,0,0,0,1,3,1,3,1,0,0,3,0,0,0,0,1,4
2012,Alabama,0,3,67,21,0,0,0,43,38,96,26,108,4,0,14,20,13,18,20,45,134
2012,Alaska,51,6,1,4,0,0,0,3,31,34,10,55,2,7,10,8,9,15,8,6,65
2012,Arizona,15,29,24,123,0,0,0,20,66,145,150,61,3,7,31,53,31,34,15,37,211
2012,Arkansas,0,11,10,10,0,4,0,35,26,44,22,48,1,2,4,11,9,12,10,21,70
2012,California,6,"1,026",137,816,9,14,0,177,892,"1,293","1,721",463,48,40,215,317,279,323,376,587,2185
2012,Colorado,2,18,9,29,2,0,0,4,30,34,45,19,0,3,11,9,4,13,4,20,64
2012,Connecticut,0,28,16,18,0,0,0,12,32,42,61,13,1,0,7,33,8,4,5,16,74
2012,Delaware,0,6,11,6,1,0,0,4,12,16,18,10,0,0,3,4,6,6,1,8,28
2012,District of Columbia,0,2,32,4,0,0,0,0,21,17,20,18,1,1,4,8,8,7,4,5,38
2012,Florida,0,70,246,171,1,1,0,186,257,418,331,344,13,17,59,100,101,135,121,129,675
2012,Georgia,0,68,185,55,0,0,0,50,127,231,154,204,11,12,40,60,58,68,60,49,358
2012,Hawaii,0,90,0,2,2,18,0,5,50,67,103,14,1,3,14,14,7,15,25,38,117
2012,Idaho,0,1,4,7,1,0,0,2,4,11,12,3,1,0,5,2,2,1,1,3,15
2012,Illinois,0,117,82,87,0,2,0,58,128,218,241,105,9,7,29,47,57,49,73,75,346
2012,Indiana,0,26,29,10,1,0,0,36,42,60,43,59,6,4,6,22,18,13,10,23,102
2012,Iowa,0,18,8,8,0,1,0,11,16,30,34,12,1,1,7,11,11,8,3,4,46
2012,Kansas,0,14,6,12,0,1,0,9,18,24,30,12,1,1,8,7,4,4,9,8,42
2012,Kentucky,0,15,14,5,1,0,0,43,23,55,25,53,2,1,6,10,17,13,10,19,78
2012,Louisiana,0,19,70,12,0,0,0,47,61,87,32,116,3,1,14,27,20,27,25,31,148
2012,Maine,0,2,6,1,0,1,0,7,8,9,10,7,1,1,1,3,2,2,4,3,17
2012,Maryland,0,73,99,33,1,0,0,17,86,137,171,51,9,5,23,42,46,37,19,42,223
2012,Massachusetts,0,78,62,32,1,0,0,41,93,120,184,30,2,1,26,52,29,33,23,48,213
2012,Michigan,0,45,42,20,0,0,7,36,53,97,74,76,3,0,17,14,22,28,18,48,150
2012,Minnesota,2,42,90,16,0,0,0,12,68,94,136,26,7,16,32,42,18,13,15,19,162
2012,Mississippi,0,4,49,7,0,0,0,21,22,59,11,70,0,1,4,9,11,16,20,20,81
2012,Missouri,0,15,24,5,0,1,0,25,26,44,30,40,3,1,6,12,10,10,6,22,70
2012,Montana,5,0,0,0,0,0,0,0,2,3,0,5,0,0,0,0,0,0,3,2,5
2012,Nebraska,0,4,7,6,2,0,0,3,11,11,13,9,1,0,3,5,8,1,3,1,22
2012,Nevada,2,39,6,23,0,0,0,13,37,46,62,21,5,5,12,8,7,12,14,20,83
2012,New Hampshire,0,5,2,2,0,0,0,0,5,4,9,0,0,1,0,4,2,0,0,2,9
2012,New Jersey,0,145,47,79,0,0,0,31,129,173,246,56,1,4,23,73,50,38,48,64,302
2012,New Mexico,12,2,0,24,0,0,0,2,11,29,19,21,0,0,1,5,7,6,4,17,40
2012,New York,0,338,172,231,14,1,14,95,376,489,693,172,9,18,78,165,132,149,125,189,865
2012,North Carolina,5,48,66,42,9,0,0,41,78,133,97,114,11,4,25,42,30,28,26,45,211
2012,North Dakota,3,1,1,0,1,0,19,1,11,15,4,22,4,2,6,2,4,5,1,2,26
2012,Ohio,0,28,64,15,0,0,0,42,54,95,72,77,3,4,19,31,18,18,19,37,149
2012,Oklahoma,13,18,15,13,2,4,1,22,29,59,35,53,7,5,7,16,9,10,18,16,88
2012,Oregon,2,22,2,21,0,1,0,11,22,37,43,16,0,1,5,8,12,15,7,11,59
2012,Pennsylvania,0,86,66,25,4,0,0,52,99,134,141,92,3,4,16,40,30,41,38,61,233
2012,Rhode Island,0,6,4,9,0,0,0,4,10,13,13,10,2,0,4,4,1,2,2,8,23
2012,South Carolina,0,16,63,11,0,0,0,32,39,83,29,93,4,3,7,16,12,25,21,34,122
2012,South Dakota,7,2,3,0,1,0,0,6,13,6,7,12,2,0,1,4,1,5,2,4,19
2012,Tennessee,0,21,68,17,0,2,0,55,53,110,51,112,5,5,15,24,27,32,26,29,163
2012,Texas,0,203,223,639,0,5,0,162,445,787,663,569,50,28,155,194,179,217,211,198,1232
2012,Utah,4,11,3,11,0,2,0,6,18,19,27,10,1,0,2,13,2,4,7,8,37
2012,Vermont,0,2,2,0,0,0,0,0,3,1,4,0,0,0,1,0,0,1,2,0,4
2012,Virginia,1,97,50,52,0,0,0,34,106,128,183,51,8,5,20,49,39,46,22,45,234
2012,Washington,3,83,36,31,2,7,0,23,87,98,142,43,6,4,14,40,32,22,20,47,185
2012,West Virginia,0,2,1,1,0,0,0,4,4,4,2,6,0,0,1,1,4,0,1,1,8
2012,Wisconsin,1,33,13,18,0,0,0,6,32,39,47,24,6,1,7,20,8,8,6,15,71
2012,Wyoming,0,0,1,1,0,0,0,1,2,1,2,1,0,0,0,2,0,0,0,1,3
2013,Alabama,0,5,51,18,0,0,0,34,46,62,21,87,5,2,11,17,10,18,14,31,108
2013,Alaska,54,13,0,1,0,0,0,3,24,47,15,56,6,4,11,6,11,14,8,11,71
2013,Arizona,19,26,10,105,0,0,0,24,61,123,136,48,3,4,31,32,28,28,17,41,184
2013,Arkansas,0,7,21,12,0,5,0,27,26,46,23,49,1,0,7,8,15,5,11,25,72
2013,California,3,"1,053",132,784,8,7,1,175,843,"1,320","1,697",463,58,32,185,269,283,300,363,673,2163
2013,Colorado,0,19,19,24,2,0,0,10,31,43,59,15,2,0,8,13,11,12,7,21,74
2013,Connecticut,0,25,9,17,0,0,0,11,27,35,48,14,1,0,3,16,11,12,7,12,62
2013,Delaware,0,5,4,7,0,0,0,3,10,9,10,9,1,2,2,5,3,2,0,4,19
2013,District of Columbia,0,3,28,3,0,0,0,3,12,25,25,12,3,1,3,13,4,7,2,4,37
2013,Florida,2,91,240,179,1,1,0,132,259,387,363,283,17,10,54,96,110,123,123,113,646
2013,Georgia,2,68,169,57,2,0,3,38,111,228,172,167,16,10,23,65,57,69,46,53,339
2013,Hawaii,1,90,2,0,5,15,0,2,54,61,93,22,1,3,12,13,11,20,19,36,115
2013,Idaho,1,2,0,4,0,0,0,4,1,10,7,4,0,1,2,2,0,2,1,3,11
2013,Illinois,0,120,77,92,0,0,0,38,141,186,214,113,11,5,37,49,50,55,44,76,327
2013,Indiana,0,33,20,8,0,0,0,33,31,63,51,43,2,2,13,9,9,19,18,22,94
2013,Iowa,0,18,9,6,2,1,0,11,19,28,33,14,0,1,7,11,10,6,5,7,47
2013,Kansas,0,16,2,9,0,1,0,8,14,22,25,11,4,2,4,6,4,1,6,9,36
2013,Kentucky,0,11,12,8,0,0,0,28,19,40,28,31,0,2,7,4,15,8,6,17,59
2013,Louisiana,0,15,61,15,0,0,0,48,50,89,31,108,12,2,14,11,16,31,29,24,139
2013,Maine,0,1,6,1,0,0,0,7,7,8,7,8,1,1,0,2,2,1,3,5,15
2013,Maryland,0,51,75,23,0,2,0,24,84,91,129,46,7,2,15,39,27,33,26,26,175
2013,Massachusetts,0,65,57,29,1,1,0,42,92,103,153,42,2,1,30,48,30,20,23,41,195
2013,Michigan,0,50,40,13,0,3,1,34,59,82,82,58,0,2,14,15,24,25,25,36,141
2013,Minnesota,4,55,60,16,0,0,0,16,66,85,122,29,3,4,24,39,21,15,18,27,151
2013,Mississippi,0,5,37,11,0,0,0,12,18,47,16,49,2,1,3,5,5,10,18,21,65
2013,Missouri,1,20,20,4,0,6,0,23,28,46,34,40,7,0,8,9,6,16,10,18,74
2013,Montana,3,0,1,0,0,0,1,1,1,5,0,6,0,0,0,1,0,0,3,2,6
2013,Nebraska,0,5,1,9,1,0,1,4,7,13,13,6,0,0,3,4,6,1,6,1,20
2013,Nevada,0,33,12,31,0,0,0,15,41,50,59,32,15,1,7,13,14,10,14,17,91
2013,New Hampshire,0,7,3,3,0,0,0,2,8,7,14,1,0,0,3,2,5,2,2,1,15
2013,New Jersey,0,121,55,109,0,0,0,34,142,177,245,74,9,4,27,65,43,54,46,71,319
2013,New Mexico,7,11,0,25,0,1,0,6,20,30,32,18,0,0,2,7,6,7,8,20,50
2013,New York,2,372,175,225,9,1,4,77,358,507,716,148,11,11,94,175,153,113,125,183,865
2013,North Carolina,10,49,85,39,6,0,0,27,80,136,102,114,9,6,20,46,36,32,30,37,216
2013,North Dakota,0,0,0,1,0,0,11,0,7,5,4,8,0,3,0,2,2,2,1,2,12
2013,Ohio,0,40,48,10,0,0,2,48,52,96,81,67,1,6,14,31,18,26,14,38,148
2013,Oklahoma,8,10,6,13,4,3,0,26,16,54,21,47,3,1,13,6,3,19,14,11,70
2013,Oregon,0,25,7,18,0,1,0,16,32,35,48,19,4,1,6,11,7,14,5,19,67
2013,Pennsylvania,0,89,58,27,0,0,0,39,89,124,139,74,3,4,28,40,35,23,39,41,213
2013,Rhode Island,0,9,8,6,0,0,0,4,11,16,22,5,1,1,1,6,3,2,2,11,27
2013,South Carolina,0,6,67,11,0,2,0,26,41,71,21,91,3,10,4,20,18,21,11,25,112
2013,South Dakota,4,1,2,1,1,0,0,0,6,3,4,5,0,0,1,1,2,2,2,1,9
2013,Tennessee,0,20,67,16,1,0,0,39,51,92,41,102,10,5,14,23,24,12,23,32,143
2013,Texas,0,196,228,624,2,0,1,169,421,799,672,548,53,23,150,203,161,224,200,206,1220
2013,Utah,0,8,5,13,0,2,0,5,20,13,27,6,2,1,3,11,4,3,4,5,33
2013,Vermont,0,4,0,0,0,0,0,1,3,2,4,1,1,0,1,1,2,0,0,0,5
2013,Virginia,0,73,57,28,0,0,0,21,71,108,148,31,0,9,16,44,33,24,19,34,179
2013,Washington,3,113,26,30,1,9,0,28,90,120,162,48,4,4,27,44,29,30,29,43,210
2013,West Virginia,0,2,1,0,1,1,0,8,5,8,3,10,0,0,1,3,0,4,3,2,13
2013,Wisconsin,0,27,8,7,0,0,0,8,26,24,29,21,0,4,10,12,4,10,2,8,50
2013,Wyoming,0,0,0,0,0,0,0,0,0,0,0,0,0,0,0,0,0,0,0,0,0
2014,Alabama,0,12,73,11,0,1,0,36,40,93,22,111,5,3,8,18,20,18,29,32,133
2014,Alaska,48,12,0,0,0,1,0,1,21,41,12,50,0,2,7,7,7,12,16,11,62
2014,Arizona,13,28,23,112,0,0,0,17,59,134,146,47,7,6,32,34,30,25,17,42,193
2014,Arkansas,1,10,22,10,0,23,0,27,39,54,32,61,5,9,9,12,10,8,18,22,93
2014,California,3,"1,072",117,763,6,11,2,156,842,"1,288","1,669",457,56,33,186,282,247,305,353,668,2130
2014,Colorado,0,23,16,16,0,2,0,7,31,33,55,9,2,0,7,8,10,7,12,18,64
2014,Connecticut,0,18,14,16,0,0,0,12,19,41,46,14,1,1,13,11,8,7,6,13,60
2014,Delaware,0,6,7,4,0,0,0,5,12,10,15,7,1,1,3,5,1,4,0,7,22
2014,District of Columbia,0,1,27,3,0,0,0,1,16,16,17,15,0,0,2,9,7,3,6,5,32
2014,Florida,0,80,206,195,0,0,0,109,220,370,358,232,15,8,68,72,92,126,106,103,590
2014,Georgia,0,72,157,58,2,0,1,44,113,221,150,184,15,12,23,62,56,60,50,56,334
2014,Hawaii,0,110,0,3,1,21,0,1,45,91,124,12,0,2,13,16,13,23,24,45,136
2014,Idaho,0,3,0,4,0,0,2,2,5,6,8,3,2,1,0,2,1,1,3,1,11
2014,Illinois,0,98,77,93,0,0,0,51,121,198,216,103,9,5,33,45,43,61,50,73,319
2014,Indiana,0,32,26,14,2,1,0,33,45,63,60,48,2,1,13,24,17,16,12,23,108
2014,Iowa,0,17,6,10,3,3,0,15,26,28,38,16,4,0,3,9,14,8,7,9,54
2014,Kansas,0,14,5,11,0,1,0,9,16,24,29,11,1,2,9,4,4,5,6,9,40
2014,Kentucky,0,14,15,16,1,1,0,32,23,56,40,39,1,3,4,12,14,16,12,17,79
2014,Louisiana,0,20,57,18,1,0,0,25,30,91,34,87,1,4,10,12,17,26,34,17,121
2014,Maine,0,4,7,1,0,0,0,2,6,8,13,1,0,2,1,3,4,0,1,3,14
2014,Maryland,0,61,80,38,1,0,0,17,85,112,159,38,5,4,26,42,30,23,24,43,197
2014,Massachusetts,0,89,45,33,1,0,0,29,80,117,163,33,3,4,20,45,28,24,29,44,197
2014,Michigan,0,39,35,14,1,0,0,16,39,66,62,43,1,0,7,11,19,10,21,36,105
2014,Minnesota,4,47,61,12,1,0,0,22,66,81,108,39,8,11,27,28,15,10,25,23,147
2014,Mississippi,0,6,42,8,0,0,0,18,25,49,13,61,0,1,1,13,7,10,11,31,74
2014,Missouri,0,23,28,6,0,1,0,18,31,45,41,35,0,2,8,17,12,8,13,16,76
2014,Montana,4,0,0,0,0,0,0,2,2,4,0,6,0,0,0,0,0,0,0,6,6
2014,Nebraska,0,6,11,14,3,0,0,4,13,25,31,7,1,0,5,9,7,5,3,8,38
2014,Nevada,0,36,11,16,3,0,0,8,33,41,50,24,8,4,8,7,6,13,17,11,74
2014,New Hampshire,0,7,1,0,0,0,0,3,4,7,8,3,1,0,1,3,2,1,3,0,11
2014,New Jersey,0,137,43,103,1,0,0,22,119,187,252,54,7,6,35,72,54,42,39,51,306
2014,New Mexico,12,7,0,26,0,1,0,4,19,31,29,21,0,1,3,7,5,10,4,20,50
2014,New York,0,333,150,194,26,0,10,71,298,486,648,135,10,11,92,137,116,108,127,183,784
2014,North Carolina,5,26,84,38,4,0,0,38,84,111,84,111,4,7,16,27,43,31,29,38,195
2014,North Dakota,4,2,2,1,0,0,2,4,4,11,7,8,0,1,3,5,0,3,1,2,15
2014,Ohio,0,37,56,12,0,0,0,51,61,95,85,71,5,4,10,28,17,29,18,45,156
2014,Oklahoma,8,16,3,10,6,2,0,14,16,43,29,30,10,1,5,8,5,11,11,8,59
2014,Oregon,2,30,11,13,0,1,0,20,33,44,52,25,0,0,7,10,13,14,14,19,77
2014,Pennsylvania,0,81,51,26,8,0,0,40,82,124,133,73,1,1,18,33,24,34,35,60,206
2014,Rhode Island,0,2,5,11,0,0,0,3,12,9,16,5,0,0,4,3,4,3,3,4,21
2014,South Carolina,0,7,50,10,0,0,0,12,25,54,17,62,2,0,9,12,10,15,11,20,79
2014,South Dakota,3,0,2,2,0,0,0,0,3,4,4,3,1,0,3,2,0,1,0,0,7
2014,Tennessee,0,24,66,24,0,0,0,37,55,96,66,85,7,6,19,21,20,23,30,25,151
2014,Texas,3,227,222,694,5,2,0,114,426,841,765,502,49,25,139,213,201,213,217,210,1267
2014,Utah,1,8,4,13,0,0,0,5,22,9,27,4,2,0,2,5,6,4,5,7,31
2014,Vermont,0,0,2,0,0,0,0,0,1,1,1,1,0,0,0,1,0,1,0,0,2
2014,Virginia,0,80,49,33,0,0,0,36,94,104,147,51,4,5,20,42,28,21,28,50,198
2014,Washington,5,85,32,30,1,18,0,23,81,113,149,45,7,6,23,37,32,22,31,36,194
2014,West Virginia,0,0,1,1,0,1,0,10,3,10,3,10,0,0,1,1,1,4,2,4,13
2014,Wisconsin,1,21,7,10,0,0,0,9,21,27,33,15,0,0,3,11,4,8,9,13,48
2014,Wyoming,1,0,0,0,0,0,0,1,1,1,0,2,0,0,0,0,0,0,1,1,2
2015,Alabama,0,6,63,21,3,0,0,26,34,85,29,90,1,2,8,20,12,20,26,30,119
2015,Alaska,56,9,0,0,0,0,0,3,24,44,8,60,4,9,4,7,7,14,12,11,68
2015,Arizona,14,42,19,100,0,1,0,22,59,139,141,57,8,6,24,25,31,27,30,47,198
2015,Arkansas,0,8,29,10,0,17,0,26,27,63,26,64,12,0,10,12,12,12,13,19,90
2015,California,1,"1,127",98,762,1,10,0,132,882,"1,249","1,722",404,36,32,186,285,222,314,377,679,2131
2015,Colorado,0,24,14,22,2,0,0,11,30,43,58,15,5,2,5,10,10,11,10,20,73
2015,Connecticut,0,25,17,20,0,0,0,8,28,42,56,14,0,0,6,14,17,15,7,11,70
2015,Delaware,0,10,3,6,0,0,0,3,6,16,15,7,2,0,3,6,4,3,2,2,22
2015,District of Columbia,0,3,21,5,0,0,0,4,18,15,18,15,2,0,3,8,4,4,2,10,33
2015,Florida,0,85,221,169,1,1,0,124,231,370,342,259,10,11,54,89,83,122,123,109,601
2015,Georgia,1,81,155,39,1,0,0,41,119,199,148,170,15,3,25,52,58,64,58,43,318
2015,Hawaii,0,88,1,0,2,33,0,3,56,71,109,18,4,4,22,9,17,15,22,34,127
2015,Idaho,0,3,3,2,0,0,0,3,6,5,10,1,1,1,0,3,3,0,0,3,11
2015,Illinois,0,139,57,91,0,1,0,55,141,202,243,100,9,4,27,59,42,46,59,97,343
2015,Indiana,0,38,24,23,0,0,0,31,50,66,67,49,3,1,26,25,16,18,8,19,116
2015,Iowa,1,12,9,6,0,1,0,9,16,22,31,7,2,0,7,8,10,3,5,3,38
2015,Kansas,0,13,8,6,0,1,0,8,9,27,27,9,0,1,5,6,6,9,5,4,36
2015,Kentucky,0,13,13,12,0,1,0,28,23,44,34,33,1,2,7,11,10,14,10,12,67
2015,Louisiana,0,18,40,20,5,0,1,35,38,81,39,80,3,2,11,16,21,24,26,16,119
2015,Maine,0,2,12,0,0,0,0,4,9,9,14,4,1,1,4,4,1,1,2,4,18
2015,Maryland,0,50,71,39,2,1,0,13,88,88,133,43,3,4,24,32,33,25,21,34,176
2015,Massachusetts,0,81,46,36,1,0,4,24,92,100,167,25,2,5,14,25,36,27,32,51,192
2015,Michigan,1,51,36,10,0,0,0,33,49,82,85,46,2,1,18,23,19,20,15,33,131
2015,Minnesota,4,40,84,9,0,1,0,12,74,76,129,21,1,9,14,44,23,21,17,21,150
2015,Mississippi,0,6,50,4,0,0,0,13,25,48,10,63,2,1,4,13,7,12,16,18,73
2015,Missouri,0,34,15,11,1,9,0,22,38,54,57,35,3,5,14,21,11,9,12,17,92
2015,Montana,3,1,1,0,0,0,0,4,2,7,2,7,0,0,1,1,1,1,1,4,9
2015,Nebraska,0,9,5,10,4,0,0,5,15,18,25,8,1,1,4,12,4,5,1,5,33
2015,Nevada,0,36,16,19,1,1,0,12,42,43,58,27,0,1,6,14,14,11,14,25,85
2015,New Hampshire,0,4,4,2,0,0,0,3,8,5,11,2,0,1,2,4,0,2,0,4,13
2015,New Jersey,0,145,49,106,0,0,0,25,152,173,267,58,8,2,31,61,49,50,37,87,325
2015,New Mexico,7,3,1,27,0,0,0,9,12,35,24,23,1,0,2,5,4,8,9,18,47
2015,New York,0,332,157,193,5,1,11,64,312,451,619,144,18,14,83,135,114,113,115,171,763
2015,North Carolina,23,39,61,41,4,0,0,31,79,120,92,107,7,3,19,41,26,38,19,46,199
2015,North Dakota,0,3,3,0,0,0,1,2,3,6,7,2,0,0,2,2,0,2,1,2,9
2015,Ohio,0,49,49,7,0,1,0,37,56,87,88,54,3,2,22,31,15,24,11,35,143
2015,Oklahoma,10,14,7,11,6,1,0,18,25,42,26,41,2,3,3,5,7,13,10,24,67
2015,Oregon,1,34,7,10,0,2,1,20,34,41,52,23,1,3,12,13,9,6,14,17,75
2015,Pennsylvania,0,78,60,26,1,1,0,34,94,106,121,79,1,3,12,28,30,40,40,46,200
2015,Rhode Island,0,9,3,12,0,0,0,6,11,19,26,4,0,0,2,7,1,4,4,12,30
2015,South Carolina,0,12,60,12,0,1,0,19,29,75,26,78,3,3,10,15,10,13,26,24,104
2015,South Dakota,11,1,2,1,0,0,0,2,6,11,5,12,0,1,3,3,2,3,3,2,17
2015,Tennessee,1,20,50,18,1,0,0,41,52,79,59,72,6,0,13,17,22,13,20,40,131
2015,Texas,2,258,251,674,4,6,0,135,476,854,767,563,47,37,135,231,213,218,227,222,1330
2015,Utah,0,10,4,18,0,1,0,4,18,19,28,9,4,3,5,5,6,6,5,3,37
2015,Vermont,0,2,1,1,0,0,0,3,4,3,4,3,0,0,0,4,1,0,1,1,7
2015,Virginia,0,94,53,42,0,0,0,23,104,108,167,45,5,5,14,37,31,26,30,64,212
2015,Washington,7,101,36,30,0,9,2,22,85,122,160,47,5,6,28,40,24,22,26,56,207
2015,West Virginia,0,1,0,1,0,0,0,8,4,6,3,7,0,1,1,0,0,1,3,4,10
2015,Wisconsin,1,30,9,15,0,0,0,14,29,40,49,20,0,1,1,13,9,11,12,22,69
2015,Wyoming,1,2,0,1,0,0,0,0,2,2,2,2,0,0,0,1,0,1,0,2,4
2016,Alabama,0,9,55,15,3,0,0,30,36,76,26,86,3,1,6,17,21,18,21,25,112
2016,Alaska,41,11,2,0,0,1,0,2,27,30,11,46,2,5,4,9,5,15,9,8,57
2016,Arizona,19,35,21,91,0,4,0,18,67,121,132,56,0,3,24,40,26,21,21,53,188
2016,Arkansas,1,16,17,13,0,14,0,30,40,51,40,51,3,2,12,19,8,15,13,19,91
2016,California,5,"1,081",104,703,7,14,2,143,779,"1,280","1,670",384,34,17,174,282,223,301,345,683,2059
2016,Colorado,0,14,16,25,0,0,0,9,30,34,47,17,2,1,4,8,5,11,14,19,64
2016,Connecticut,0,23,7,17,0,0,0,5,26,26,44,8,1,0,6,14,7,8,4,12,52
2016,Delaware,0,5,5,3,0,0,0,3,7,9,11,5,0,0,1,4,5,1,3,2,16
2016,District of Columbia,0,4,19,1,0,0,0,1,10,15,17,8,0,0,3,3,10,1,4,4,25
2016,Florida,0,107,222,167,3,1,0,139,260,379,385,254,13,10,42,96,98,123,99,158,639
2016,Georgia,0,71,150,44,0,0,0,37,114,188,144,158,10,10,24,44,47,57,54,56,302
2016,Hawaii,0,97,1,1,1,16,0,3,49,70,100,19,2,2,6,11,12,14,25,47,119
2016,Idaho,1,3,2,11,0,0,0,1,6,12,10,8,4,0,2,0,2,1,3,6,18
2016,Illinois,0,137,74,96,0,0,0,34,148,193,257,84,10,3,37,62,41,46,44,97,341
2016,Indiana,0,43,17,24,1,2,0,22,43,66,76,33,3,4,14,28,20,11,16,13,109
2016,Iowa,0,18,11,4,3,1,0,11,19,29,40,8,0,0,7,12,8,8,7,6,48
2016,Kansas,0,14,10,7,0,0,0,8,15,24,31,8,0,0,6,8,9,5,3,8,39
2016,Kentucky,0,17,21,13,1,0,0,39,31,60,50,41,1,0,8,20,7,20,13,22,91
2016,Louisiana,0,16,47,24,2,0,0,39,57,71,43,85,3,2,8,23,23,18,30,21,128
2016,Maine,0,5,11,1,0,0,0,6,7,16,19,4,0,0,4,3,5,3,4,4,23
2016,Maryland,0,88,80,38,2,0,0,13,104,117,186,35,3,3,27,40,41,40,23,44,221
2016,Massachusetts,0,62,49,40,3,0,3,33,86,104,167,23,3,5,27,32,34,25,15,49,190
2016,Michigan,1,55,34,8,0,0,0,35,49,84,80,53,5,3,11,21,15,17,21,40,133
2016,Minnesota,1,58,88,12,0,1,0,8,74,94,152,16,7,12,24,46,20,16,17,26,168
2016,Mississippi,0,8,30,3,0,0,0,19,25,35,13,47,3,1,7,4,9,9,12,15,60
2016,Missouri,0,26,33,13,0,2,0,27,34,67,57,44,2,0,17,22,15,17,5,23,101
2016,Montana,0,0,1,0,0,0,0,3,1,3,1,3,0,0,1,1,0,0,2,0,4
2016,Nebraska,0,7,5,8,2,0,0,6,11,17,22,6,2,1,6,2,7,2,3,5,28
2016,Nevada,1,18,15,14,1,0,0,6,31,24,39,16,3,0,6,7,16,7,4,12,55
2016,New Hampshire,0,8,3,2,0,0,0,2,7,8,13,2,0,1,1,3,4,2,2,2,15
2016,New Jersey,0,121,49,99,1,0,0,24,125,169,234,60,6,5,30,46,45,41,47,74,294
2016,New Mexico,5,5,1,24,0,0,0,3,12,26,24,14,1,1,5,3,6,9,4,9,38
2016,New York,1,327,148,172,12,0,14,84,298,460,627,131,14,7,91,137,115,107,125,162,758
2016,North Carolina,6,39,80,58,4,2,0,30,84,135,109,110,9,4,15,33,37,42,26,53,219
2016,North Dakota,2,8,7,0,0,0,1,4,9,13,16,6,0,1,7,3,4,6,1,0,22
2016,Ohio,1,45,47,8,0,0,0,41,53,89,81,61,0,5,12,24,28,20,18,35,142
2016,Oklahoma,12,18,11,19,1,1,1,15,32,46,38,40,1,5,12,16,8,9,12,15,78
2016,Oregon,2,24,7,18,1,5,0,12,23,46,50,19,3,1,9,10,13,8,11,14,69
2016,Pennsylvania,0,73,46,21,1,0,0,28,74,95,115,54,7,2,15,29,21,26,21,48,169
2016,Rhode Island,0,4,3,3,0,0,0,2,8,4,8,4,0,1,2,1,2,1,2,3,12
2016,South Carolina,0,16,56,11,1,1,0,17,34,68,23,79,5,10,6,13,12,20,18,18,102
2016,South Dakota,4,2,5,0,0,0,0,1,4,8,7,5,0,0,0,5,1,2,3,1,12
2016,Tennessee,0,19,45,12,0,0,0,27,34,69,40,63,4,1,6,20,15,15,18,24,103
2016,Texas,0,233,235,662,3,0,0,104,427,810,724,513,45,25,157,202,189,216,190,213,1237
2016,Utah,2,4,1,8,0,3,0,2,7,13,15,5,1,1,2,2,2,2,1,9,20
2016,Vermont,0,4,1,0,0,0,0,1,4,2,5,1,0,0,1,1,0,0,3,1,6
2016,Virginia,0,91,49,39,2,0,0,22,101,102,165,38,1,7,15,43,33,31,35,38,203
2016,Washington,5,102,32,29,0,8,1,27,86,118,163,41,6,0,25,41,25,33,32,42,204
2016,West Virginia,0,2,4,0,0,0,0,8,5,9,5,9,0,0,0,2,1,1,2,8,14
2016,Wisconsin,0,13,8,8,1,0,0,10,14,26,20,20,1,1,5,9,5,6,9,4,40
2016,Wyoming,0,0,0,1,0,0,0,0,0,1,1,0,0,0,0,0,1,0,0,0,1
2017,Alabama,0,7,58,19,1,0,0,35,48,72,24,96,10,2,11,18,15,19,22,23,120
2017,Alaska,32,15,1,2,0,0,0,3,23,30,15,38,3,4,9,4,4,9,7,13,53
2017,Arizona,16,34,19,103,1,1,0,14,66,122,133,55,8,7,28,39,18,27,24,37,188
2017,Arkansas,0,11,17,9,0,25,0,23,35,50,31,54,6,11,4,14,5,10,21,14,85
2017,California,1,"1,103",105,728,2,12,0,106,781,"1,276","1,685",367,39,39,162,288,204,255,399,671,2057
2017,Colorado,1,23,20,25,2,2,0,11,38,46,64,20,3,1,5,18,16,7,8,26,84
2017,Connecticut,0,16,12,21,0,0,0,14,26,37,51,12,3,0,6,12,9,6,7,20,63
2017,Delaware,0,2,7,2,0,0,0,4,8,7,6,9,0,0,1,3,3,1,1,6,15
2017,District of Columbia,0,2,26,7,0,0,0,1,17,19,24,12,1,0,4,6,5,9,3,8,36
2017,Florida,1,86,200,150,3,0,0,109,207,342,324,225,7,5,51,103,83,86,100,114,549
2017,Georgia,0,72,152,41,0,0,1,27,93,200,152,141,13,9,26,58,45,39,53,50,293
2017,Hawaii,0,83,0,1,1,28,0,3,51,65,101,15,2,2,14,16,15,16,15,36,116
2017,Idaho,0,1,4,5,0,0,0,0,3,7,8,2,0,2,3,3,0,0,1,1,10
2017,Illinois,0,144,71,83,0,0,0,36,134,200,238,96,6,7,36,50,46,43,50,96,334
2017,Indiana,0,43,11,22,0,1,0,23,37,63,73,27,5,1,12,20,16,11,10,25,100
2017,Iowa,0,22,11,5,0,0,0,9,18,29,39,8,0,2,4,8,12,9,2,10,47
2017,Kansas,0,13,5,6,0,0,0,4,15,13,20,8,0,0,3,4,6,5,2,8,28
2017,Kentucky,0,14,13,8,1,1,0,28,27,38,32,33,1,4,6,14,7,3,11,19,65
2017,Louisiana,0,29,47,22,2,0,0,41,49,92,50,91,7,5,9,20,17,24,29,30,141
2017,Maine,0,1,7,2,1,0,0,3,7,7,12,2,0,1,1,3,5,1,0,3,14
2017,Maryland,0,61,79,49,5,0,0,13,76,131,163,44,6,2,25,42,39,32,23,38,207
2017,Massachusetts,1,94,60,31,1,0,3,19,111,98,182,27,4,7,19,46,31,28,29,45,209
2017,Michigan,2,46,31,14,0,0,0,40,52,81,84,49,3,5,13,16,14,15,22,45,133
2017,Minnesota,6,51,95,19,0,0,0,7,86,91,149,29,12,11,25,31,18,18,23,40,177
2017,Mississippi,1,3,34,4,0,0,0,9,23,28,9,42,1,1,4,4,6,12,11,12,51
2017,Missouri,1,20,26,11,0,1,0,28,38,47,47,39,2,0,8,16,10,13,17,19,85
2017,Montana,0,0,0,0,0,0,0,3,1,2,0,3,0,0,0,0,0,0,1,2,3
2017,Nebraska,0,12,2,4,1,0,0,3,8,14,19,3,0,1,2,9,3,3,2,2,22
2017,Nevada,0,39,9,24,0,1,0,7,37,43,64,16,0,1,6,12,16,13,10,22,80
2017,New Hampshire,0,11,3,1,0,0,0,4,8,11,13,6,0,0,2,6,3,2,0,6,19
2017,New Jersey,0,145,42,71,0,1,0,24,119,164,232,51,10,8,26,48,44,41,48,58,283
2017,New Mexico,3,4,3,26,0,0,0,1,13,24,30,7,0,0,4,2,7,3,7,14,37
2017,New York,0,345,148,209,11,0,15,73,297,504,687,114,14,9,75,157,99,113,134,200,801
2017,North Carolina,7,53,65,54,6,2,0,26,84,129,118,95,7,5,19,41,29,35,32,45,213
2017,North Dakota,4,3,3,0,1,0,1,2,6,8,7,7,0,0,3,3,2,3,2,1,14
2017,Ohio,0,53,60,7,1,0,0,27,53,95,105,43,0,1,16,37,24,15,20,35,148
2017,Oklahoma,1,11,9,8,3,8,0,14,20,34,25,29,2,3,8,9,6,5,5,16,54
2017,Oregon,1,28,7,13,3,5,0,12,24,45,50,19,0,0,4,9,9,11,18,18,69
2017,Pennsylvania,0,85,43,22,7,0,0,35,75,117,134,58,0,2,15,34,28,23,31,59,192
2017,Rhode Island,0,6,3,3,0,0,0,1,5,8,12,1,0,1,1,2,1,3,2,3,13
2017,South Carolina,0,13,46,15,0,0,0,27,32,69,32,69,4,3,5,8,13,16,21,31,101
2017,South Dakota,6,3,2,0,1,0,1,1,6,8,6,8,0,0,1,2,0,5,0,6,14
2017,Tennessee,0,26,41,27,0,0,0,30,41,83,60,64,5,2,14,19,19,23,14,28,124
2017,Texas,0,224,208,578,2,2,1,94,392,717,681,428,34,23,105,170,196,179,179,223,1109
2017,Utah,1,5,2,15,0,4,0,2,15,14,22,7,3,4,2,7,4,3,5,1,29
2017,Vermont,0,2,0,0,0,0,0,1,0,3,2,1,0,0,0,2,0,0,1,0,3
2017,Virginia,0,91,47,43,1,0,0,22,90,114,169,35,4,5,18,38,38,27,29,45,204
2017,Washington,7,88,40,35,2,16,0,19,88,119,173,34,2,5,20,44,31,30,26,49,207
2017,West Virginia,0,5,3,0,0,0,0,8,6,10,7,9,0,0,1,1,2,4,4,4,16
2017,Wisconsin,1,19,12,9,0,0,0,8,20,29,36,13,1,1,5,6,6,4,11,15,49
2017,Wyoming,0,2,0,0,0,0,0,0,2,0,2,0,0,0,1,0,1,0,0,0,2
2018,Alabama,0,12,33,19,0,0,0,26,27,63,29,61,5,1,9,12,18,4,14,27,90
2018,Alaska,45,11,1,1,0,2,1,2,17,46,14,49,6,8,5,18,4,9,9,4,63
2018,Arizona,11,26,14,107,0,4,0,16,63,115,127,51,1,5,25,45,25,11,19,47,178
2018,Arkansas,1,8,25,9,0,9,0,24,28,48,24,52,3,4,7,14,6,10,14,18,76
2018,California,0,"1,114",90,739,6,19,0,128,819,"1,277","1,735",360,28,37,173,257,240,285,372,704,2096
2018,Colorado,0,29,4,23,1,0,0,7,35,29,50,14,0,0,5,13,10,10,9,17,64
2018,Connecticut,0,12,6,20,0,0,0,13,13,38,38,13,2,1,8,11,6,6,7,10,51
2018,Delaware,0,2,5,12,0,0,0,2,5,16,13,8,0,1,4,2,4,4,3,3,21
2018,District of Columbia,0,2,28,2,0,0,0,4,11,25,28,8,0,0,1,7,6,8,8,6,36
2018,Florida,1,83,186,195,3,0,0,123,228,363,356,235,8,17,53,89,96,89,103,136,591
2018,Georgia,0,71,101,59,1,0,1,37,92,177,142,127,6,10,20,57,44,28,34,71,269
2018,Hawaii,0,90,0,2,1,24,0,3,46,74,105,15,2,2,8,11,11,12,27,47,120
2018,Idaho,0,3,4,7,0,0,0,1,8,7,15,0,0,1,2,2,2,2,4,2,15
2018,Illinois,1,124,62,96,0,0,1,35,136,183,241,78,14,3,30,48,44,40,53,87,319
2018,Indiana,0,33,28,18,1,0,0,36,49,67,66,50,5,2,19,22,17,7,21,23,116
2018,Iowa,0,18,13,6,1,3,0,8,30,19,40,9,3,2,5,13,6,9,6,5,49
2018,Kansas,1,10,5,7,0,0,0,5,9,19,21,7,0,0,3,4,9,6,1,5,28
2018,Kentucky,0,12,16,14,2,1,0,19,19,45,36,28,4,0,7,9,11,10,7,16,64
2018,Louisiana,0,19,39,15,0,0,0,32,30,75,36,69,1,0,6,18,14,14,24,28,105
2018,Maine,0,2,8,0,0,0,0,4,4,10,8,6,1,1,2,3,2,1,2,2,14
2018,Maryland,0,60,88,48,2,1,0,9,99,108,170,37,4,4,21,36,35,35,27,46,207
2018,Massachusetts,0,92,49,28,1,0,1,29,87,112,172,28,4,3,18,34,38,25,27,51,199
2018,Michigan,0,35,35,16,0,0,0,22,52,56,62,46,3,5,16,21,13,14,11,25,108
2018,Minnesota,0,52,97,10,1,0,0,12,84,88,142,30,3,9,29,48,26,12,14,31,172
2018,Mississippi,2,7,48,7,0,0,0,16,31,49,10,70,1,3,5,7,11,15,16,22,80
2018,Missouri,0,26,18,8,1,6,1,20,32,48,43,37,5,0,2,16,13,13,10,21,80
2018,Montana,3,0,0,1,0,0,0,1,1,4,0,5,0,0,1,0,1,0,2,1,5
2018,Nebraska,0,11,5,7,0,0,1,3,13,14,23,4,0,1,5,7,7,1,2,4,27
2018,Nevada,0,34,6,20,2,0,0,7,25,44,54,15,4,1,5,10,9,11,13,16,69
2018,New Hampshire,0,6,2,2,0,0,0,2,5,7,10,2,0,0,0,2,2,3,1,4,12
2018,New Jersey,0,143,44,86,0,0,0,17,116,174,248,42,5,8,28,52,43,33,44,77,290
2018,New Mexico,5,4,2,26,0,0,0,2,15,24,28,11,1,0,3,4,2,14,4,11,39
2018,New York,1,331,126,197,8,1,17,63,280,464,609,135,7,8,77,127,105,101,120,199,744
2018,North Carolina,10,47,65,45,3,1,0,25,63,133,99,97,4,1,16,27,33,34,33,48,196
2018,North Dakota,1,6,4,0,0,0,0,2,5,8,9,4,1,0,1,2,2,2,4,1,13
2018,Ohio,2,73,54,17,0,1,0,31,70,108,129,49,2,5,20,44,30,17,26,34,178
2018,Oklahoma,7,13,2,13,14,10,0,15,27,47,39,35,2,3,8,7,13,16,12,13,74
2018,Oregon,1,28,6,16,3,11,0,16,34,47,52,29,5,5,4,19,17,10,11,10,81
2018,Pennsylvania,0,85,47,42,6,1,0,31,90,122,158,54,0,4,11,44,32,25,36,60,212
2018,Rhode Island,0,5,4,7,0,0,0,3,10,9,16,3,0,0,0,4,2,6,1,6,19
2018,South Carolina,0,7,51,11,0,1,0,16,30,56,17,69,2,1,8,8,12,16,20,19,86
2018,South Dakota,4,0,3,1,1,0,0,3,7,5,4,8,0,0,1,2,2,0,3,4,12
2018,Tennessee,0,31,50,22,0,0,0,36,57,82,65,74,4,2,11,29,19,20,20,34,139
2018,Texas,1,222,222,562,2,1,0,104,376,738,693,421,26,26,136,156,167,184,191,228,1114
2018,Utah,2,6,2,5,0,1,0,2,9,9,13,5,0,0,2,2,5,3,3,3,18
2018,Vermont,0,2,2,0,0,0,1,0,2,3,5,0,0,0,0,2,1,1,0,1,5
2018,Virginia,0,86,58,35,0,1,0,24,83,121,167,37,3,5,17,39,31,28,34,47,204
2018,Washington,2,96,30,29,1,14,1,17,82,108,157,33,7,0,25,34,23,24,21,56,190
2018,West Virginia,0,1,1,0,0,0,0,4,1,5,1,5,0,0,0,1,0,0,2,3,6
2018,Wisconsin,1,22,7,9,0,0,0,10,19,30,33,16,2,0,7,8,7,9,5,11,49
2018,Wyoming,1,0,0,0,0,0,0,0,1,0,0,1,0,0,0,0,0,0,0,1,1
2019,Alabama,0,15,31,20,0,0,0,21,32,55,40,47,1,0,7,14,20,9,16,20,87
2019,Alaska,42,12,1,2,0,1,0,0,18,40,15,43,5,3,8,8,7,10,8,9,58
2019,Arizona,11,32,12,111,0,2,0,15,64,119,126,57,12,1,24,30,32,15,21,48,183
2019,Arkansas,0,7,17,11,0,8,0,21,15,49,20,44,5,4,4,10,8,8,11,14,64
2019,California,1,"1,055",91,820,2,11,0,130,829,"1,281","1,729",375,29,26,163,256,244,271,361,760,2110
2019,Colorado,1,24,13,19,1,0,0,8,38,28,55,11,4,2,9,8,9,9,8,17,66
2019,Connecticut,0,25,12,22,0,0,0,8,30,37,56,11,0,1,8,11,8,7,11,21,67
2019,Delaware,0,0,1,8,0,0,0,10,11,8,9,10,3,0,2,5,1,3,4,1,19
2019,District of Columbia,0,5,14,4,0,0,0,1,12,12,17,7,0,0,3,5,5,2,6,3,24
2019,Florida,0,75,199,181,1,1,0,101,196,362,354,204,9,12,60,78,86,86,104,123,558
2019,Georgia,1,73,132,61,2,0,1,32,113,189,165,136,13,7,32,55,40,40,58,57,302
2019,Hawaii,0,63,1,1,2,29,0,3,39,60,85,14,3,1,10,12,6,13,18,36,99
2019,Idaho,0,1,2,2,0,0,0,2,4,3,6,1,0,0,2,2,0,1,0,2,7
2019,Illinois,0,155,67,67,0,0,0,37,136,190,239,87,10,8,20,48,37,48,65,90,326
2019,Indiana,0,36,33,17,1,1,0,20,42,66,67,41,1,1,13,28,17,12,17,19,108
2019,Iowa,0,13,23,8,0,4,0,4,24,28,46,6,1,2,5,13,12,7,5,7,52
2019,Kansas,0,13,6,8,0,1,0,9,24,13,25,12,1,1,7,8,2,4,4,10,37
2019,Kentucky,0,19,23,10,0,0,0,13,24,41,44,21,1,0,5,18,9,13,4,15,65
2019,Louisiana,0,15,41,15,0,0,0,17,40,48,33,55,5,1,7,11,16,11,16,21,88
2019,Maine,0,2,13,0,0,0,0,3,7,11,13,5,0,0,3,4,3,6,2,0,18
2019,Maryland,0,75,86,37,2,0,0,9,99,110,167,42,2,5,15,43,36,28,24,56,209
2019,Massachusetts,0,90,37,22,4,0,1,24,85,93,149,29,3,2,22,34,23,19,27,48,178
2019,Michigan,1,48,34,11,1,1,0,35,51,80,72,59,5,3,16,16,15,17,26,33,131
2019,Minnesota,0,54,72,11,0,0,0,11,68,80,130,18,3,4,24,40,20,13,20,24,148
2019,Mississippi,0,7,29,8,1,0,0,12,16,41,16,41,4,1,9,7,5,11,7,13,57
2019,Missouri,0,19,23,7,0,1,2,18,36,34,39,31,0,2,12,9,10,7,9,21,70
2019,Montana,0,1,0,1,0,0,0,0,0,2,2,0,0,0,0,0,1,0,1,0,2
2019,Nebraska,0,8,3,4,0,0,0,2,5,12,12,5,0,2,3,5,1,1,4,1,17
2019,Nevada,1,30,5,9,0,0,0,8,23,30,41,12,0,0,5,9,3,10,9,17,53
2019,New Hampshire,0,6,0,0,0,0,0,0,4,2,6,0,0,0,0,2,1,1,0,2,6
2019,New Jersey,0,141,59,91,0,0,0,18,126,183,260,49,7,4,29,52,52,51,50,64,309
2019,New Mexico,2,4,2,33,0,0,0,0,22,19,27,14,0,0,3,7,4,3,7,17,41
2019,New York,0,309,125,197,18,1,23,73,307,439,630,116,11,6,56,118,100,93,133,229,746
2019,North Carolina,12,33,64,52,5,2,0,17,75,110,97,88,4,2,13,30,35,31,35,35,185
2019,North Dakota,2,6,5,0,0,0,2,3,5,13,13,5,0,0,1,5,4,2,2,4,18
2019,Ohio,0,52,50,21,0,0,0,26,62,87,96,48,2,5,13,35,16,23,19,36,149
2019,Oklahoma,2,15,4,13,15,7,0,17,31,42,40,33,3,0,14,7,5,11,13,20,73
2019,Oregon,1,33,2,10,0,13,0,11,40,30,56,14,1,4,11,9,9,12,7,17,70
2019,Pennsylvania,0,105,42,18,5,0,0,28,90,108,150,48,2,3,17,21,28,24,34,69,198
2019,Rhode Island,0,7,3,4,0,0,0,0,8,6,12,2,0,0,0,2,4,2,2,4,14
2019,South Carolina,0,11,36,19,0,0,0,14,31,49,29,51,1,1,5,12,10,10,22,19,80
2019,South Dakota,1,3,8,0,1,0,0,3,6,10,12,4,0,0,2,6,5,0,1,2,16
2019,Tennessee,0,16,41,33,0,0,0,39,43,86,57,72,5,2,8,25,16,20,21,32,129
2019,Texas,0,230,192,605,2,9,0,116,411,743,721,433,43,26,131,183,173,176,177,245,1154
2019,Utah,0,5,3,12,0,2,0,5,13,14,18,9,2,1,5,3,6,2,3,5,27
2019,Vermont,0,0,1,0,0,0,1,2,2,2,3,1,0,0,2,1,0,0,0,1,4
2019,Virginia,0,82,52,43,1,0,0,13,79,112,149,42,8,4,14,38,27,29,25,46,191
2019,Washington,3,108,37,31,0,11,2,29,87,134,181,40,6,3,22,49,33,35,16,57,221
2019,West Virginia,0,1,0,1,0,0,0,7,3,6,1,8,0,0,1,0,0,1,4,3,9
2019,Wisconsin,0,25,3,10,1,0,0,12,16,35,37,14,0,0,5,9,6,7,7,17,51
2019,Wyoming,0,0,1,0,0,0,0,0,0,1,0,1,0,0,0,0,0,0,0,1,1
2020,Alabama,0,10,34,12,1,0,0,15,21,51,25,47,3,1,4,14,12,5,14,19,72
2020,Alaska,41,10,0,2,0,2,0,3,13,45,14,44,3,8,7,8,8,4,10,10,58
2020,Arizona,10,29,7,79,0,2,0,9,55,81,92,44,4,4,12,15,21,21,24,35,136
2020,Arkansas,0,6,14,10,0,8,0,21,18,41,21,38,3,3,3,7,9,5,14,15,59
2020,California,1,883,86,612,4,10,0,108,696,"1,008","1,421",275,23,24,135,204,178,210,329,601,1704
2020,Colorado,1,19,7,21,0,0,0,4,20,32,40,11,2,3,6,8,7,7,7,12,52
2020,Connecticut,0,20,8,14,0,0,0,12,27,27,44,10,1,1,8,13,11,5,4,11,54
2020,Delaware,0,4,6,4,0,0,0,3,9,8,10,7,0,1,2,5,4,0,3,2,17
2020,District of Columbia,0,0,15,4,0,0,0,0,13,6,17,2,0,0,1,3,7,3,4,1,19
2020,Florida,0,73,117,148,1,0,0,73,150,262,269,143,12,1,28,73,68,52,77,101,412
2020,Georgia,0,49,95,47,0,1,0,28,66,154,123,97,7,3,18,41,47,29,40,35,220
2020,Hawaii,0,62,0,1,0,26,0,3,32,60,75,17,3,1,10,7,6,14,21,30,92
2020,Idaho,0,0,0,5,0,0,1,2,3,5,4,4,0,1,0,0,2,0,3,2,8
2020,Illinois,0,93,35,75,0,0,0,13,83,133,164,52,3,6,9,29,31,30,39,69,216
2020,Indiana,0,33,28,10,1,0,0,20,32,60,53,39,5,4,15,10,17,11,14,16,92
2020,Iowa,0,11,13,3,1,3,0,8,17,22,26,13,3,2,6,7,9,3,6,3,39
2020,Kansas,0,12,7,9,0,4,0,5,17,20,27,10,1,1,6,4,3,7,5,10,37
2020,Kentucky,0,16,16,9,1,0,0,24,21,45,35,31,5,3,9,7,8,10,9,15,66
2020,Louisiana,0,14,55,12,0,0,0,18,33,66,28,71,5,6,9,12,11,13,25,18,99
2020,Maine,0,6,5,1,0,0,0,5,8,9,11,6,0,0,1,5,2,3,3,3,17
2020,Maryland,0,51,58,33,2,0,0,5,70,79,120,29,5,6,16,31,21,21,19,30,149
2020,Massachusetts,0,62,28,31,3,0,1,17,80,62,125,17,0,3,24,19,19,22,15,40,142
2020,Michigan,0,31,35,15,0,0,0,20,42,59,52,49,5,5,9,15,15,12,18,22,101
2020,Minnesota,0,46,52,12,0,1,0,6,65,51,105,12,3,2,20,24,16,13,12,27,116
2020,Mississippi,0,7,26,1,0,0,0,9,18,25,11,32,2,0,0,7,9,5,10,10,43
2020,Missouri,0,26,17,12,0,2,2,20,31,48,46,33,2,0,7,10,18,10,11,21,79
2020,Montana,1,0,1,0,0,0,0,2,4,0,1,3,0,0,0,1,0,0,1,2,4
2020,Nebraska,0,8,15,6,1,0,1,2,14,19,21,12,1,1,6,7,8,5,3,2,33
2020,Nevada,0,23,11,14,0,1,0,8,27,30,41,16,2,1,4,4,8,6,12,20,57
2020,New Hampshire,0,5,2,5,0,0,0,0,3,9,11,1,0,0,4,2,1,3,1,1,12
2020,New Jersey,0,100,50,71,0,1,1,22,96,149,202,43,4,7,21,45,43,31,38,56,245
2020,New Mexico,3,2,0,23,0,0,0,1,9,20,19,10,1,0,1,1,4,4,1,17,29
2020,New York,0,269,102,159,11,1,13,50,231,374,507,89,4,7,64,99,87,77,91,176,605
2020,North Carolina,3,35,52,44,5,0,0,20,67,92,89,70,5,4,24,26,17,30,24,29,159
2020,North Dakota,1,0,4,0,0,0,2,3,4,6,7,3,0,0,1,3,5,0,0,1,10
2020,Ohio,0,52,44,15,0,1,0,20,54,78,93,36,3,2,14,32,15,21,18,27,132
2020,Oklahoma,7,6,8,14,10,14,0,8,30,37,33,34,3,3,2,12,11,9,11,16,67
2020,Oregon,0,27,5,11,3,8,1,12,29,38,52,15,4,1,6,18,10,7,5,16,67
2020,Pennsylvania,0,65,41,25,3,1,0,22,58,99,119,38,1,2,15,26,29,21,26,37,157
2020,Rhode Island,0,3,2,1,0,0,0,1,2,5,7,0,0,0,0,1,2,1,0,3,7
2020,South Carolina,0,20,26,11,0,0,0,10,19,48,31,36,1,1,4,7,9,9,16,20,67
2020,South Dakota,6,4,3,0,1,0,0,2,6,10,8,8,0,0,1,5,4,0,4,2,16
2020,Tennessee,0,16,46,30,0,0,0,21,35,78,58,55,2,2,16,26,13,20,11,23,113
2020,Texas,0,196,161,431,5,3,4,79,326,553,555,324,25,24,98,152,111,129,155,185,879
2020,Utah,0,9,2,7,0,7,0,4,10,19,23,6,2,0,2,5,2,4,8,6,29
2020,Vermont,0,1,2,0,0,0,0,0,2,1,2,1,0,0,0,1,0,0,0,2,3
2020,Virginia,0,82,29,44,1,0,0,13,73,96,146,23,3,3,15,31,24,33,27,33,169
2020,Washington,1,72,28,22,0,20,0,20,79,84,129,34,4,5,17,30,25,30,20,32,163
2020,West Virginia,0,3,5,0,0,0,0,5,4,9,7,6,0,0,2,0,2,0,5,4,13
2020,Wisconsin,1,13,9,10,0,0,0,2,8,27,22,13,1,0,6,8,4,4,3,9,35
2020,Wyoming,0,0,0,0,0,0,0,0,0,0,0,0,0,0,0,0,0,0,0,0,0
2021,Alabama,0,11,36,19,1,0,0,24,24,67,31,60,5,1,12,11,9,8,22,23,91
2021,Alaska,41,10,3,1,1,2,0,0,25,33,14,44,7,5,2,11,9,8,8,8,58
2021,Arizona,8,23,7,79,0,1,0,11,53,76,86,42,7,4,8,26,13,20,21,30,129
2021,Arkansas,0,7,19,12,0,13,0,18,29,40,29,40,5,7,6,10,12,6,13,10,69
2021,California,5,867,63,707,2,5,6,94,651,"1,098","1,426",308,24,19,103,244,181,258,288,632,1749
2021,Colorado,0,14,5,28,0,4,0,7,21,37,46,12,1,0,4,11,7,10,6,19,58
2021,Connecticut,0,19,14,16,0,0,0,5,23,31,42,12,0,1,4,10,8,12,3,16,54
2021,Delaware,0,3,13,2,0,0,0,23,21,20,9,31,1,0,2,6,5,7,6,14,41
2021,District of Columbia,0,1,13,2,0,0,0,2,11,7,11,7,0,0,3,5,3,2,3,2,18
2021,Florida,0,77,165,168,3,1,0,86,193,307,330,170,7,6,45,73,80,78,87,124,500
2021,Georgia,0,70,76,52,1,1,1,21,78,144,134,86,5,9,22,34,39,39,29,45,222
2021,Hawaii,0,73,2,2,3,24,0,2,45,61,85,21,5,3,7,5,11,17,23,35,106
2021,Idaho,0,2,0,1,1,0,0,1,3,2,5,0,0,0,0,0,1,1,2,1,5
2021,Illinois,0,108,43,71,0,0,0,32,97,157,192,62,2,6,17,34,25,38,43,89,254
2021,Indiana,0,41,21,20,0,1,0,44,38,89,72,55,3,3,9,16,17,23,25,31,127
2021,Iowa,0,11,14,10,0,8,0,6,22,27,36,13,3,0,11,13,5,6,5,6,49
2021,Kansas,0,13,7,16,1,3,0,3,14,29,29,14,5,0,6,7,6,7,4,8,43
2021,Kentucky,0,14,13,10,5,0,0,15,20,37,38,19,1,1,8,11,8,9,8,11,57
2021,Louisiana,0,16,41,12,1,0,0,16,24,62,33,53,1,3,8,3,12,12,24,23,86
2021,Maine,0,4,7,1,0,0,0,2,8,6,11,3,0,0,1,3,7,0,1,2,14
2021,Maryland,1,52,69,35,6,0,5,25,84,109,141,52,6,2,15,36,28,23,33,50,193
2021,Massachusetts,0,70,32,28,2,0,3,16,60,91,135,16,1,1,18,27,22,21,19,42,151
2021,Michigan,2,51,29,12,1,0,0,42,59,78,88,48,3,6,8,20,17,15,26,42,137
2021,Minnesota,1,50,56,14,0,2,0,11,55,79,108,26,8,5,21,19,17,15,22,27,134
2021,Mississippi,0,9,22,2,0,0,0,13,14,32,13,33,3,1,2,5,5,11,5,14,46
2021,Missouri,1,28,17,10,0,4,3,14,40,37,56,21,0,2,6,14,12,14,8,21,77
2021,Montana,1,0,0,0,0,0,0,2,2,1,0,3,0,0,0,0,1,0,0,2,3
2021,Nebraska,0,9,2,9,1,0,0,1,11,11,21,1,0,0,6,2,5,2,1,6,22
2021,Nevada,0,35,8,10,0,1,0,7,30,31,44,17,0,0,5,4,8,7,15,22,61
2021,New Hampshire,0,5,3,2,0,0,0,2,5,7,5,7,0,1,0,4,2,0,1,4,12
2021,New Jersey,0,128,32,90,0,0,0,39,122,167,251,37,3,5,27,59,39,42,33,81,289
2021,New Mexico,8,3,0,11,1,0,0,1,13,11,15,9,0,1,1,0,0,5,3,14,24
2021,New York,0,305,111,172,21,0,29,45,270,413,582,96,6,7,64,97,102,88,112,207,683
2021,North Carolina,7,33,53,56,4,0,0,25,69,109,96,82,2,3,13,27,29,35,32,37,178
2021,North Dakota,0,1,6,2,2,0,3,1,5,10,12,3,1,0,0,6,3,3,0,2,15
2021,Ohio,0,61,33,24,0,0,0,33,65,86,81,36,2,3,16,35,26,14,19,36,151
2021,Oklahoma,4,12,6,10,5,19,0,13,28,41,36,33,4,6,5,8,10,9,12,15,69
2021,Oregon,1,27,7,21,1,10,0,12,36,43,59,20,2,1,8,15,12,1,18,22,79
2021,Pennsylvania,0,76,43,17,8,0,0,22,61,105,122,44,0,2,13,25,23,20,33,50,166
2021,Rhode Island,0,4,1,8,1,0,0,3,4,13,14,3,0,1,1,4,0,4,3,4,17
2021,South Carolina,0,15,40,18,0,1,0,13,23,64,35,52,2,2,7,12,16,14,18,16,87
2021,South Dakota,2,3,1,2,1,0,0,3,7,5,8,4,0,0,2,4,0,4,1,1,12
2021,Tennessee,0,19,31,22,0,0,0,12,29,55,44,40,1,4,7,13,18,9,11,21,84
2021,Texas,1,215,177,517,4,3,2,77,368,628,621,374,30,26,97,162,136,160,169,216,996
2021,Utah,0,6,1,8,0,0,0,2,9,8,15,2,0,0,5,4,3,1,1,3,17
2021,Vermont,0,2,0,0,0,0,0,1,2,1,2,1,0,0,1,0,0,1,1,0,3
2021,Virginia,0,86,27,31,3,0,0,13,60,100,134,23,1,3,13,25,24,23,24,47,160
2021,Washington,3,96,42,32,0,12,0,14,80,119,171,28,1,5,30,29,32,24,26,52,199
2021,West Virginia,0,1,0,1,0,0,0,4,3,3,4,2,0,0,1,2,1,1,1,0,6
2021,Wisconsin,1,43,5,11,0,0,0,6,30,36,57,9,0,1,6,13,12,7,7,20,66
2021,Wyoming,0,0,0,1,0,0,1,1,1,2,0,3,1,0,0,0,0,0,0,2,3
2022,Alabama,0,8,17,17,1,0,0,22,20,45,28,36,1,1,8,11,7,10,12,15,65
2022,Alaska,68,4,1,0,1,1,14,6,48,47,10,85,11,16,11,10,9,6,16,16,95
2022,Arizona,6,32,13,89,0,1,0,13,59,95,114,38,6,4,22,27,31,19,18,27,154
2022,Arkansas,0,8,14,10,0,15,0,21,20,48,30,38,1,4,14,5,10,7,7,20,68
2022,California,4,889,59,746,7,11,46,86,672,"1,146","1,521",317,28,31,147,218,206,238,307,673,1818
2022,Colorado,1,23,3,25,0,2,0,3,28,29,51,6,0,2,7,13,10,4,7,14,57
2022,Connecticut,0,28,9,23,0,0,0,7,32,35,55,12,3,3,4,18,12,5,11,11,67
2022,Delaware,0,5,5,1,0,0,0,2,5,8,10,3,0,0,1,6,3,0,1,2,13
2022,District of Columbia,0,5,7,1,0,0,0,2,9,6,11,4,0,0,0,4,1,1,5,4,15
2022,Florida,0,62,155,221,5,0,5,87,193,342,381,153,5,7,63,80,97,84,80,119,535
2022,Georgia,0,65,87,76,3,0,0,31,81,181,177,85,11,2,23,37,50,45,44,50,262
2022,Hawaii,0,72,0,0,3,23,0,3,40,61,87,14,5,3,7,7,7,20,17,35,101
2022,Idaho,0,4,0,3,0,0,2,2,7,4,10,1,0,0,3,2,0,0,2,4,11
2022,Illinois,0,126,47,90,0,0,2,33,125,173,221,77,14,7,25,38,34,42,52,86,298
2022,Indiana,0,30,25,25,1,1,0,17,42,57,67,32,5,4,13,24,11,12,15,15,99
2022,Iowa,0,15,18,9,0,10,1,7,32,28,42,18,6,3,9,15,9,6,5,7,60
2022,Kansas,0,14,4,16,0,10,0,8,25,27,35,17,2,4,7,8,6,7,4,14,52
2022,Kentucky,0,14,15,16,3,2,0,20,21,49,43,27,2,1,12,16,5,11,14,9,70
2022,Louisiana,0,14,27,25,1,0,8,20,29,66,42,53,2,0,10,15,16,12,20,20,95
2022,Maine,0,3,9,1,1,0,1,2,7,10,13,4,1,2,6,2,2,1,2,1,17
2022,Maryland,0,46,42,51,6,0,1,11,58,99,128,29,2,1,15,31,31,22,21,34,157
2022,Massachusetts,0,69,36,29,4,0,3,12,63,90,140,13,1,1,23,21,23,27,21,36,153
2022,Michigan,0,50,24,16,0,0,0,30,49,71,79,41,3,1,9,14,15,13,25,40,120
2022,Minnesota,2,53,52,14,0,2,0,9,55,77,99,33,8,4,20,32,15,8,18,27,132
2022,Mississippi,1,8,22,8,0,0,1,14,16,38,12,42,1,1,4,11,6,12,6,13,54
2022,Missouri,0,20,16,12,0,4,0,17,27,42,43,26,0,1,10,12,8,9,10,19,69
2022,Montana,0,2,0,0,1,1,1,1,4,2,2,3,0,0,1,0,0,3,2,0,6
2022,Nebraska,0,7,7,8,2,0,1,4,9,20,22,7,0,2,4,9,4,4,3,3,29
2022,Nevada,0,34,8,16,0,2,1,1,18,44,48,12,3,1,3,6,15,6,13,15,62
2022,New Hampshire,0,4,3,3,0,0,0,1,7,4,10,1,0,0,3,2,3,1,1,1,11
2022,New Jersey,0,116,34,118,0,0,0,21,114,175,248,40,6,7,32,56,50,31,35,72,289
2022,New Mexico,3,5,0,19,0,0,1,2,10,20,22,8,1,0,0,3,4,3,3,16,30
2022,New York,0,344,99,212,14,0,13,32,258,456,606,105,10,4,48,113,93,99,125,222,714
2022,North Carolina,13,29,36,55,8,2,0,20,66,97,99,64,3,1,17,31,30,21,25,35,163
2022,North Dakota,0,4,2,0,0,0,1,3,3,7,5,4,0,0,0,3,2,4,0,1,10
2022,Ohio,0,52,50,18,1,4,0,21,64,82,111,34,6,2,18,25,23,27,9,36,146
2022,Oklahoma,3,17,10,14,9,14,0,13,39,41,42,38,2,2,13,11,11,8,16,17,80
2022,Oregon,0,31,7,16,2,7,1,9,26,47,60,13,1,3,6,6,10,15,12,20,73
2022,Pennsylvania,0,63,37,26,13,0,1,33,73,100,125,46,3,0,20,28,20,21,19,62,173
2022,Rhode Island,0,5,3,6,0,0,0,3,8,9,16,1,1,0,5,5,0,3,1,2,17
2022,South Carolina,0,17,40,25,0,0,0,19,42,59,43,58,1,1,6,9,12,13,24,35,101
2022,South Dakota,2,1,5,1,0,0,0,1,5,5,7,3,0,0,0,1,5,0,1,3,10
2022,Tennessee,0,27,23,37,0,0,0,19,41,65,69,37,7,3,14,19,18,14,8,23,106
2022,Texas,2,205,154,607,3,4,14,109,372,726,582,503,24,24,125,182,170,153,186,234,1098
2022,Utah,2,9,2,15,0,1,0,4,11,22,27,6,2,1,2,6,3,4,3,12,33
2022,Vermont,0,1,2,0,0,0,0,0,2,1,3,0,0,0,1,0,1,1,0,0,3
2022,Virginia,0,95,32,40,6,0,0,22,86,109,169,26,3,2,17,32,21,26,28,66,195
2022,Washington,4,95,46,48,4,38,1,15,92,159,184,67,9,7,32,41,46,34,32,50,251
2022,West Virginia,0,3,2,1,0,0,0,5,6,5,5,6,0,0,0,2,3,1,3,2,11
2022,Wisconsin,0,22,8,15,0,0,0,7,25,27,37,12,1,0,5,8,6,11,7,14,52
2022,Wyoming,1,0,0,0,0,0,0,0,0,1,0,1,0,0,0,0,0,0,1,0,1
